DWH_SK,DWH_DELTA_DATE,DWH_BATCH_DATETIME,DWH_BATCH_DATE,ID,PRODUCT_NAME,PRODUCT_ID,PRICE_AT_PURCHASE,QUANTITY,CREATED_DATE,UPDATED_DATE,GENERATED_DATETIME,GENERATED_DATE,PURCHASE_ID,DWH_IS_LATEST
14698629724752634710,2025-10-06 09:00:02,2025-10-06 09:00:02,2025-10-06,126,Persevering optimizing capability,131,2841.000,1,2025-10-02 13:17:29.170988,2025-10-02 13:17:29.170988,2023-05-19 06:34:56,2023-05-19,112,1
3261984405379782023,2025-10-06 09:00:02,2025-10-06 09:00:02,2025-10-06,145,Implemented motivating array,129,7536.000,4,2025-10-02 13:17:29.332576,2025-10-02 13:17:29.332576,2023-09-15 22:15:59,2023-09-15,131,1
4283375741803666379,2025-10-06 09:00:02,2025-10-06 09:00:02,2025-10-06,153,Ergonomic disintermediate matrices,116,5055.000,5,2025-10-02 13:17:29.400357,2025-10-02 13:17:29.400357,2024-04-23 14:41:22,2024-04-23,139,1
16196101692922734947,2025-10-06 09:00:02,2025-10-06 09:00:02,2025-10-06,154,Polarized high-level firmware,117,10560.000,3,2025-10-02 13:17:29.4084,2025-10-02 13:17:29.4084,2023-01-15 03:01:56,2023-01-15,140,1
10753207154510362622,2025-10-06 09:00:02,2025-10-06 09:00:02,2025-10-06,163,Devolved next generation database,126,12288.000,3,2025-10-02 13:17:29.598621,2025-10-02 13:17:29.598621,2025-04-17 15:31:36,2025-04-17,149,1
14881873424271094171,2025-10-06 09:00:02,2025-10-06 09:00:02,2025-10-06,166,Implemented motivating array,129,1884.000,1,2025-10-02 13:17:29.62497,2025-10-02 13:17:29.62497,2023-06-30 15:18:54,2023-06-30,152,1
18012415969724496121,2025-10-06 09:00:02,2025-10-06 09:00:02,2025-10-06,168,Persevering optimizing capability,131,14205.000,5,2025-10-02 13:17:29.640115,2025-10-02 13:17:29.640115,2023-09-14 06:59:21,2023-09-14,154,1
126923956724454609,2025-10-06 09:00:02,2025-10-06 09:00:02,2025-10-06,172,Laptop ultra 2000,1,1400.000,1,2025-10-02 13:17:29.67217,2025-10-02 13:17:29.67217,2024-07-04 05:38:07,2024-07-04,158,1
3621391441494478407,2025-10-06 09:00:02,2025-10-06 09:00:02,2025-10-06,181,Exclusive zero administration structure,123,5820.000,5,2025-10-02 13:17:29.746946,2025-10-02 13:17:29.746946,2024-04-18 13:40:35,2024-04-18,167,1
14235276909802223850,2025-10-06 09:00:02,2025-10-06 09:00:02,2025-10-06,201,Self-enabling object-oriented productivity,122,11307.000,3,2025-10-02 13:17:29.90492,2025-10-02 13:17:29.90492,2024-08-11 11:06:20,2024-08-11,187,1
7405997467509127149,2025-10-06 09:00:02,2025-10-06 09:00:02,2025-10-06,231,Persistent empowering knowledge user,120,12999.000,3,2025-10-02 13:18:16.946277,2025-10-02 13:18:16.946277,2024-09-20 07:02:22,2024-09-20,17,1
5468758100721016218,2025-10-06 09:00:02,2025-10-06 09:00:02,2025-10-06,241,Advanced national superstructure,130,4648.000,2,2025-10-02 13:18:17.118541,2025-10-02 13:18:17.118541,2025-08-24 00:53:57,2025-08-24,27,1
14655267389314522732,2025-10-06 09:00:02,2025-10-06 09:00:02,2025-10-06,255,Extended scalable moderator,124,13152.000,4,2025-10-02 13:18:19.639832,2025-10-02 13:18:19.639832,2025-04-23 18:12:29,2025-04-23,21,1
1021207927921877146,2025-10-06 09:00:02,2025-10-06 09:00:02,2025-10-06,84,Persevering optimizing capability,131,2841.000,1,2025-10-02 13:17:28.833122,2025-10-02 13:17:28.833122,2025-05-23 20:53:29,2025-05-23,70,1
7752235375007774949,2025-10-06 09:00:02,2025-10-06 09:00:02,2025-10-06,113,Persistent mobile moderator,118,1924.000,4,2025-10-02 13:17:29.075995,2025-10-02 13:17:29.075995,2024-03-02 04:40:02,2024-03-02,99,1
1275595959701120266,2025-10-06 09:00:02,2025-10-06 09:00:02,2025-10-06,123,User-friendly transitional complexity,128,3284.000,2,2025-10-02 13:17:29.155191,2025-10-02 13:17:29.155191,2025-10-01 04:32:48,2025-10-01,109,1
11053559776888487623,2025-10-06 09:00:02,2025-10-06 09:00:02,2025-10-06,138,Self-enabling object-oriented productivity,122,3769.000,1,2025-10-02 13:17:29.269755,2025-10-02 13:17:29.269755,2025-12-11 19:25:44,2025-12-11,124,1
11402142779280872093,2025-10-06 09:00:02,2025-10-06 09:00:02,2025-10-06,142,Devolved next generation database,126,12288.000,3,2025-10-02 13:17:29.297502,2025-10-02 13:17:29.297502,2023-07-13 04:13:03,2023-07-13,128,1
2032072145959993693,2025-10-06 09:00:02,2025-10-06 09:00:02,2025-10-06,149,Business-focused explicit focus group,133,11712.000,4,2025-10-02 13:17:29.365725,2025-10-02 13:17:29.365725,2025-11-26 09:58:37,2025-11-26,135,1
3008350807948834219,2025-10-06 09:00:02,2025-10-06 09:00:02,2025-10-06,198,Total needs-based structure,119,3414.000,1,2025-10-02 13:17:29.877905,2025-10-02 13:17:29.877905,2025-04-15 18:29:04,2025-04-15,184,1
13284912553709437526,2025-10-06 09:00:02,2025-10-06 09:00:02,2025-10-06,202,Exclusive zero administration structure,123,3492.000,3,2025-10-02 13:17:29.909322,2025-10-02 13:17:29.909322,2024-08-08 09:01:16,2024-08-08,188,1
2987781332221440587,2025-10-06 09:00:02,2025-10-06 09:00:02,2025-10-06,207,User-friendly transitional complexity,128,6568.000,4,2025-10-02 13:17:29.954815,2025-10-02 13:17:29.954815,2024-11-13 13:42:46,2024-11-13,193,1
5444567502298441975,2025-10-06 09:00:02,2025-10-06 09:00:02,2025-10-06,219,Total needs-based structure,119,6828.000,2,2025-10-02 13:17:30.043175,2025-10-02 13:17:30.043175,2024-04-07 23:50:36,2024-04-07,205,1
4281249690682689950,2025-10-06 09:00:02,2025-10-06 09:00:02,2025-10-06,220,Persistent empowering knowledge user,120,12999.000,3,2025-10-02 13:17:30.058973,2025-10-02 13:17:30.058973,2023-11-04 16:45:13,2023-11-04,206,1
1605950009768318896,2025-10-06 09:00:02,2025-10-06 09:00:02,2025-10-06,236,Managed 5thgeneration workforce,125,1720.000,4,2025-10-02 13:18:17.039558,2025-10-02 13:18:17.039558,2025-12-29 20:14:16,2025-12-29,22,1
14627966339724672299,2025-10-06 09:00:02,2025-10-06 09:00:02,2025-10-06,243,Inverse regional installation,132,750.000,2,2025-10-02 13:18:17.150047,2025-10-02 13:18:17.150047,2023-04-11 18:26:31,2023-04-11,29,1
3984995002158167410,2025-10-06 09:00:02,2025-10-06 09:00:02,2025-10-06,244,Business-focused explicit focus group,133,11712.000,4,2025-10-02 13:18:17.174315,2025-10-02 13:18:17.174315,2025-04-23 12:34:16,2025-04-23,30,1
6144408819034585980,2025-10-06 09:00:02,2025-10-06 09:00:02,2025-10-06,52,Persistent empowering knowledge user,120,21665.000,5,2025-10-02 13:17:28.561129,2025-10-02 13:17:28.561129,2023-07-25 14:00:03,2023-07-25,38,1
15685967336879628546,2025-10-06 09:00:02,2025-10-06 09:00:02,2025-10-06,53,Customizable motivating intranet,121,4743.000,3,2025-10-02 13:17:28.570923,2025-10-02 13:17:28.570923,2023-10-11 06:21:27,2023-10-11,39,1
3657525975776417666,2025-10-06 09:00:02,2025-10-06 09:00:02,2025-10-06,58,Devolved next generation database,126,4096.000,1,2025-10-02 13:17:28.616353,2025-10-02 13:17:28.616353,2024-06-06 22:31:36,2024-06-06,44,1
8501891609565316532,2025-10-06 09:00:02,2025-10-06 09:00:02,2025-10-06,63,Persevering optimizing capability,131,5682.000,2,2025-10-02 13:17:28.658721,2025-10-02 13:17:28.658721,2023-06-09 08:08:04,2023-06-09,49,1
8047549083997177433,2025-10-06 09:00:02,2025-10-06 09:00:02,2025-10-06,75,Self-enabling object-oriented productivity,122,3769.000,1,2025-10-02 13:17:28.761238,2025-10-02 13:17:28.761238,2025-12-28 09:05:44,2025-12-28,61,1
4647516458880688421,2025-10-06 09:00:02,2025-10-06 09:00:02,2025-10-06,80,Mandatory full-range data-warehouse,127,7780.000,4,2025-10-02 13:17:28.794879,2025-10-02 13:17:28.794879,2024-09-09 04:06:57,2024-09-09,66,1
1975659516538630159,2025-10-06 09:00:02,2025-10-06 09:00:02,2025-10-06,103,Implemented motivating array,129,3768.000,2,2025-10-02 13:17:28.988924,2025-10-02 13:17:28.988924,2025-08-27 13:50:12,2025-08-27,89,1
15727881005342083870,2025-10-06 09:00:02,2025-10-06 09:00:02,2025-10-06,115,Persistent empowering knowledge user,120,8666.000,2,2025-10-02 13:17:29.091689,2025-10-02 13:17:29.091689,2024-12-07 00:21:23,2024-12-07,101,1
7028217613449089787,2025-10-06 09:00:02,2025-10-06 09:00:02,2025-10-06,139,Exclusive zero administration structure,123,2328.000,2,2025-10-02 13:17:29.281674,2025-10-02 13:17:29.281674,2024-09-17 18:55:29,2024-09-17,125,1
4152527167058537348,2025-10-06 09:00:02,2025-10-06 09:00:02,2025-10-06,140,Extended scalable moderator,124,16440.000,5,2025-10-02 13:17:29.281674,2025-10-02 13:17:29.281674,2025-02-26 01:44:49,2025-02-26,126,1
12279856708719681362,2025-10-06 09:00:02,2025-10-06 09:00:02,2025-10-06,215,Reduced well-modulated neural-net,115,11700.000,4,2025-10-02 13:17:30.020987,2025-10-02 13:17:30.020987,2025-08-08 10:40:06,2025-08-08,201,1
11470761764833644403,2025-10-06 09:00:02,2025-10-06 09:00:02,2025-10-06,25,Laptop ultra 2000,1,2800.000,2,2025-10-02 13:17:28.332609,2025-10-02 13:17:28.332609,2023-02-18 07:44:11,2023-02-18,1,1
7885865777432157422,2025-10-06 09:00:02,2025-10-06 09:00:02,2025-10-06,252,Customizable motivating intranet,121,3162.000,2,2025-10-02 13:18:19.578665,2025-10-02 13:18:19.578665,2023-06-22 14:16:36,2023-06-22,18,1
14883356039612413842,2025-10-06 09:00:02,2025-10-06 09:00:02,2025-10-06,260,Implemented motivating array,129,3768.000,2,2025-10-02 13:18:19.722877,2025-10-02 13:18:19.722877,2024-01-20 15:17:34,2024-01-20,26,1
1952044587013892206,2025-10-06 09:00:02,2025-10-06 09:00:02,2025-10-06,33,Self-enabling object-oriented productivity,122,3769.000,1,2025-10-02 13:17:28.406244,2025-10-02 13:17:28.406244,2023-04-19 01:02:45,2023-04-19,19,1
6497613824414714646,2025-10-06 09:00:02,2025-10-06 09:00:02,2025-10-06,73,Persistent empowering knowledge user,120,8666.000,2,2025-10-02 13:17:28.73642,2025-10-02 13:17:28.73642,2025-01-31 11:07:53,2025-01-31,59,1
14800999696500817915,2025-10-06 09:00:02,2025-10-06 09:00:02,2025-10-06,83,Advanced national superstructure,130,6972.000,3,2025-10-02 13:17:28.825076,2025-10-02 13:17:28.825076,2023-10-12 19:30:50,2023-10-12,69,1
4235677256140469941,2025-10-06 09:00:02,2025-10-06 09:00:02,2025-10-06,112,Polarized high-level firmware,117,7040.000,2,2025-10-02 13:17:29.068729,2025-10-02 13:17:29.068729,2025-04-11 00:30:31,2025-04-11,98,1
12531822854440964725,2025-10-06 09:00:02,2025-10-06 09:00:02,2025-10-06,122,Mandatory full-range data-warehouse,127,5835.000,3,2025-10-02 13:17:29.139146,2025-10-02 13:17:29.139146,2025-06-01 10:23:13,2025-06-01,108,1
17332662295140417923,2025-10-06 09:00:02,2025-10-06 09:00:02,2025-10-06,133,Polarized high-level firmware,117,3520.000,1,2025-10-02 13:17:29.2341,2025-10-02 13:17:29.2341,2025-06-27 02:37:29,2025-06-27,119,1
15916629216760628080,2025-10-06 09:00:02,2025-10-06 09:00:02,2025-10-06,147,Persevering optimizing capability,131,2841.000,1,2025-10-02 13:17:29.348894,2025-10-02 13:17:29.348894,2025-10-15 18:50:33,2025-10-15,133,1
7137173529846111941,2025-10-06 09:00:02,2025-10-06 09:00:02,2025-10-06,162,Managed 5thgeneration workforce,125,1290.000,3,2025-10-02 13:17:29.592333,2025-10-02 13:17:29.592333,2023-12-30 06:23:25,2023-12-30,148,1
4313831782551706870,2025-10-06 09:00:02,2025-10-06 09:00:02,2025-10-06,165,User-friendly transitional complexity,128,4926.000,3,2025-10-02 13:17:29.615101,2025-10-02 13:17:29.615101,2025-12-06 02:07:36,2025-12-06,151,1
16619227265891927066,2025-10-06 09:00:02,2025-10-06 09:00:02,2025-10-06,199,Persistent empowering knowledge user,120,4333.000,1,2025-10-02 13:17:29.888167,2025-10-02 13:17:29.888167,2025-03-02 11:49:30,2025-03-02,185,1
1551842304497536246,2025-10-06 09:00:02,2025-10-06 09:00:02,2025-10-06,203,Extended scalable moderator,124,6576.000,2,2025-10-02 13:17:29.920756,2025-10-02 13:17:29.920756,2024-10-30 13:04:13,2024-10-30,189,1
2896527634196226788,2025-10-06 09:00:02,2025-10-06 09:00:02,2025-10-06,211,Inverse regional installation,132,1125.000,3,2025-10-02 13:17:29.986827,2025-10-02 13:17:29.986827,2024-04-14 23:05:47,2024-04-14,197,1
3751600832889329889,2025-10-06 09:00:02,2025-10-06 09:00:02,2025-10-06,214,Laptop ultra 2000,1,2800.000,2,2025-10-02 13:17:30.011027,2025-10-02 13:17:30.011027,2025-12-26 17:38:56,2025-12-26,200,1
1070598494103051596,2025-10-06 09:00:02,2025-10-06 09:00:02,2025-10-06,257,Devolved next generation database,126,4096.000,1,2025-10-02 13:18:19.678717,2025-10-02 13:18:19.678717,2024-11-15 18:49:38,2024-11-15,23,1
9928013102170616050,2025-10-06 09:00:02,2025-10-06 09:00:02,2025-10-06,3,Laptop ultra 2000,1,1250.000,5,2025-09-16 14:45:47.23907,2025-09-17 14:51:21.089345,2025-01-01 10:10:10,2025-01-01,3,1
852907665105627484,2025-10-06 09:00:02,2025-10-06 09:00:02,2025-10-06,4,Laptop ultra 2000,1,1400.000,1,2025-09-26 13:45:38.632775,2025-09-26 13:45:38.632799,2025-01-01 10:10:10,2025-01-01,4,1
6080945860250969412,2025-10-06 09:00:02,2025-10-06 09:00:02,2025-10-06,49,Polarized high-level firmware,117,3520.000,1,2025-10-02 13:17:28.535956,2025-10-02 13:17:28.535956,2023-04-18 15:13:25,2023-04-18,35,1
757827959302154173,2025-10-06 09:00:02,2025-10-06 09:00:02,2025-10-06,50,Persistent mobile moderator,118,1443.000,3,2025-10-02 13:17:28.53951,2025-10-02 13:17:28.53951,2025-06-18 09:39:55,2025-06-18,36,1
3063323385948912795,2025-10-06 09:00:02,2025-10-06 09:00:02,2025-10-06,71,Persistent mobile moderator,118,1924.000,4,2025-10-02 13:17:28.713889,2025-10-02 13:17:28.713889,2024-11-05 05:21:17,2024-11-05,57,1
19510730882438875,2025-10-06 09:00:02,2025-10-06 09:00:02,2025-10-06,125,Advanced national superstructure,130,6972.000,3,2025-10-02 13:17:29.170988,2025-10-02 13:17:29.170988,2025-10-26 21:02:03,2025-10-26,111,1
2104050779423674632,2025-10-06 09:00:02,2025-10-06 09:00:02,2025-10-06,141,Managed 5thgeneration workforce,125,1290.000,3,2025-10-02 13:17:29.297502,2025-10-02 13:17:29.297502,2025-06-07 12:06:59,2025-06-07,127,1
5230734399350976398,2025-10-06 09:00:02,2025-10-06 09:00:02,2025-10-06,144,User-friendly transitional complexity,128,4926.000,3,2025-10-02 13:17:29.313394,2025-10-02 13:17:29.313394,2024-10-07 01:00:58,2024-10-07,130,1
12721610365041157912,2025-10-06 09:00:02,2025-10-06 09:00:02,2025-10-06,155,Persistent mobile moderator,118,2405.000,5,2025-10-02 13:17:29.513388,2025-10-02 13:17:29.513388,2023-06-25 14:30:39,2023-06-25,141,1
8474245546894858597,2025-10-06 09:00:02,2025-10-06 09:00:02,2025-10-06,2,Laptop ultra 2000,1,1250.000,2,2025-09-09 14:25:29.548659,2025-09-17 14:51:23.620754,2025-01-01 10:10:10,2025-01-01,2,1
11929832397702512759,2025-10-06 09:00:02,2025-10-06 09:00:02,2025-10-06,204,Managed 5thgeneration workforce,125,1290.000,3,2025-10-02 13:17:29.929221,2025-10-02 13:17:29.929221,2024-05-17 16:40:34,2024-05-17,190,1
11522887276684302215,2025-10-06 09:00:02,2025-10-06 09:00:02,2025-10-06,208,Implemented motivating array,129,5652.000,3,2025-10-02 13:17:29.962831,2025-10-02 13:17:29.962831,2023-03-17 14:17:41,2023-03-17,194,1
6266096421520623771,2025-10-06 09:00:02,2025-10-06 09:00:02,2025-10-06,209,Advanced national superstructure,130,2324.000,1,2025-10-02 13:17:29.970722,2025-10-02 13:17:29.970722,2024-05-20 18:03:59,2024-05-20,195,1
13779088779294383523,2025-10-06 09:00:02,2025-10-06 09:00:02,2025-10-06,210,Persevering optimizing capability,131,11364.000,4,2025-10-02 13:17:29.978983,2025-10-02 13:17:29.978983,2025-10-21 22:30:05,2025-10-21,196,1
3079287577039967585,2025-10-06 09:00:02,2025-10-06 09:00:02,2025-10-06,213,Grass-roots bifurcated methodology,134,20695.000,5,2025-10-02 13:17:30.00453,2025-10-02 13:17:30.00453,2024-01-01 11:24:03,2024-01-01,199,1
11746748110094077011,2025-10-06 09:00:02,2025-10-06 09:00:02,2025-10-06,222,Self-enabling object-oriented productivity,122,3769.000,1,2025-10-02 13:17:30.074857,2025-10-02 13:17:30.074857,2025-03-30 05:53:19,2025-03-30,208,1
6160998145414483360,2025-10-06 09:00:02,2025-10-06 09:00:02,2025-10-06,230,Total needs-based structure,119,17070.000,5,2025-10-02 13:18:16.937507,2025-10-02 13:18:16.937507,2024-11-14 10:56:30,2024-11-14,16,1
8568530802001954237,2025-10-06 09:00:02,2025-10-06 09:00:02,2025-10-06,254,Exclusive zero administration structure,123,2328.000,2,2025-10-02 13:18:19.620884,2025-10-02 13:18:19.620884,2023-12-08 09:44:19,2023-12-08,20,1
15831492114429709743,2025-10-06 09:00:02,2025-10-06 09:00:02,2025-10-06,264,Business-focused explicit focus group,133,5856.000,2,2025-10-02 13:18:19.797704,2025-10-02 13:18:19.797704,2023-07-28 06:47:42,2023-07-28,30,1
7672142733783498830,2025-10-06 09:00:02,2025-10-06 09:00:02,2025-10-06,27,Ergonomic disintermediate matrices,116,1011.000,1,2025-10-02 13:17:28.350183,2025-10-02 13:17:28.350183,2025-12-13 12:47:24,2025-12-13,3,1
1524384271589610780,2025-10-06 09:00:02,2025-10-06 09:00:02,2025-10-06,30,Total needs-based structure,119,13656.000,4,2025-10-02 13:17:28.377208,2025-10-02 13:17:28.377208,2023-05-11 13:19:35,2023-05-11,16,1
7243159283410782015,2025-10-06 09:00:02,2025-10-06 09:00:02,2025-10-06,31,Persistent empowering knowledge user,120,12999.000,3,2025-10-02 13:17:28.385855,2025-10-02 13:17:28.385855,2025-03-02 20:51:34,2025-03-02,17,1
14188457938468894087,2025-10-06 09:00:02,2025-10-06 09:00:02,2025-10-06,95,Customizable motivating intranet,121,7905.000,5,2025-10-02 13:17:28.920983,2025-10-02 13:17:28.920983,2024-10-29 05:26:03,2024-10-29,81,1
3438923764666014666,2025-10-06 09:00:02,2025-10-06 09:00:02,2025-10-06,104,Advanced national superstructure,130,9296.000,4,2025-10-02 13:17:28.997319,2025-10-02 13:17:28.997319,2023-01-11 19:01:26,2023-01-11,90,1
12304443664934279575,2025-10-06 09:00:02,2025-10-06 09:00:02,2025-10-06,105,Persevering optimizing capability,131,11364.000,4,2025-10-02 13:17:29.005583,2025-10-02 13:17:29.005583,2025-08-29 12:39:52,2025-08-29,91,1
8388359732707225614,2025-10-06 09:00:02,2025-10-06 09:00:02,2025-10-06,171,Grass-roots bifurcated methodology,134,4139.000,1,2025-10-02 13:17:29.663821,2025-10-02 13:17:29.663821,2025-07-18 15:12:29,2025-07-18,157,1
13523279681849838130,2025-10-06 09:00:02,2025-10-06 09:00:02,2025-10-06,194,Reduced well-modulated neural-net,115,2925.000,1,2025-10-02 13:17:29.847973,2025-10-02 13:17:29.847973,2025-10-25 06:12:05,2025-10-25,180,1
9486629019436025249,2025-10-06 09:00:02,2025-10-06 09:00:02,2025-10-06,240,Implemented motivating array,129,7536.000,4,2025-10-02 13:18:17.102975,2025-10-02 13:18:17.102975,2025-08-04 06:13:46,2025-08-04,26,1
16706346282335844261,2025-10-06 09:00:02,2025-10-06 09:00:02,2025-10-06,262,Persevering optimizing capability,131,8523.000,3,2025-10-02 13:18:19.757387,2025-10-02 13:18:19.757387,2025-06-29 07:39:01,2025-06-29,28,1
17951401930693974477,2025-10-06 09:00:02,2025-10-06 09:00:02,2025-10-06,45,Grass-roots bifurcated methodology,134,16556.000,4,2025-10-02 13:17:28.492634,2025-10-02 13:17:28.492634,2024-02-14 01:48:19,2024-02-14,31,1
4901686736536972242,2025-10-06 09:00:02,2025-10-06 09:00:02,2025-10-06,89,Reduced well-modulated neural-net,115,8775.000,3,2025-10-02 13:17:28.874605,2025-10-02 13:17:28.874605,2023-08-06 14:18:48,2023-08-06,75,1
14942296431042778857,2025-10-06 09:00:02,2025-10-06 09:00:02,2025-10-06,94,Persistent empowering knowledge user,120,21665.000,5,2025-10-02 13:17:28.904171,2025-10-02 13:17:28.904171,2024-09-03 17:27:28,2024-09-03,80,1
16021785192247051478,2025-10-06 09:00:02,2025-10-06 09:00:02,2025-10-06,111,Ergonomic disintermediate matrices,116,3033.000,3,2025-10-02 13:17:29.060299,2025-10-02 13:17:29.060299,2023-08-10 14:50:30,2023-08-10,97,1
14628949191122722075,2025-10-06 09:00:02,2025-10-06 09:00:02,2025-10-06,114,Total needs-based structure,119,17070.000,5,2025-10-02 13:17:29.075995,2025-10-02 13:17:29.075995,2024-01-02 09:05:08,2024-01-02,100,1
12265693307280495011,2025-10-06 09:00:02,2025-10-06 09:00:02,2025-10-06,167,Advanced national superstructure,130,6972.000,3,2025-10-02 13:17:29.631876,2025-10-02 13:17:29.631876,2023-05-07 20:48:26,2023-05-07,153,1
14021003778245854773,2025-10-06 09:00:02,2025-10-06 09:00:02,2025-10-06,185,Mandatory full-range data-warehouse,127,7780.000,4,2025-10-02 13:17:29.767044,2025-10-02 13:17:29.767044,2025-06-24 13:28:47,2025-06-24,171,1
12484090409516329947,2025-10-06 09:00:02,2025-10-06 09:00:02,2025-10-06,193,Laptop ultra 2000,1,2800.000,2,2025-10-02 13:17:29.841175,2025-10-02 13:17:29.841175,2025-04-12 03:08:41,2025-04-12,179,1
9589617471138353557,2025-10-06 09:00:02,2025-10-06 09:00:02,2025-10-06,206,Mandatory full-range data-warehouse,127,9725.000,5,2025-10-02 13:17:29.945644,2025-10-02 13:17:29.945644,2024-04-19 23:01:42,2024-04-19,192,1
9462388145812779741,2025-10-06 09:00:02,2025-10-06 09:00:02,2025-10-06,235,Extended scalable moderator,124,13152.000,4,2025-10-02 13:18:17.023664,2025-10-02 13:18:17.023664,2024-04-16 01:00:01,2024-04-16,21,1
14622574804286306100,2025-10-06 09:00:02,2025-10-06 09:00:02,2025-10-06,237,Devolved next generation database,126,12288.000,3,2025-10-02 13:18:17.055284,2025-10-02 13:18:17.055284,2025-11-20 18:42:33,2025-11-20,23,1
16417347739534223554,2025-10-06 09:00:02,2025-10-06 09:00:02,2025-10-06,242,Persevering optimizing capability,131,11364.000,4,2025-10-02 13:18:17.135937,2025-10-02 13:18:17.135937,2025-07-13 02:08:01,2025-07-13,28,1
5788350148014545313,2025-10-06 09:00:02,2025-10-06 09:00:02,2025-10-06,263,Inverse regional installation,132,375.000,1,2025-10-02 13:18:19.782059,2025-10-02 13:18:19.782059,2023-02-12 02:03:04,2023-02-12,29,1
4425618327264018860,2025-10-06 09:00:02,2025-10-06 09:00:02,2025-10-06,28,Polarized high-level firmware,117,10560.000,3,2025-10-02 13:17:28.358231,2025-10-02 13:17:28.358231,2024-08-16 05:45:43,2024-08-16,4,1
12337084405999500373,2025-10-06 09:00:02,2025-10-06 09:00:02,2025-10-06,29,Persistent mobile moderator,118,1924.000,4,2025-10-02 13:17:28.36819,2025-10-02 13:17:28.36819,2023-11-03 19:18:43,2023-11-03,15,1
4775013840540373053,2025-10-06 09:00:02,2025-10-06 09:00:02,2025-10-06,54,Self-enabling object-oriented productivity,122,15076.000,4,2025-10-02 13:17:28.575554,2025-10-02 13:17:28.575554,2025-06-13 15:46:41,2025-06-13,40,1
2215112973233524233,2025-10-06 09:00:02,2025-10-06 09:00:02,2025-10-06,61,Implemented motivating array,129,9420.000,5,2025-10-02 13:17:28.641741,2025-10-02 13:17:28.641741,2025-02-01 23:45:57,2025-02-01,47,1
5659936337446799966,2025-10-06 09:00:02,2025-10-06 09:00:02,2025-10-06,66,Grass-roots bifurcated methodology,134,4139.000,1,2025-10-02 13:17:28.682885,2025-10-02 13:17:28.682885,2023-04-11 02:25:59,2023-04-11,52,1
9406868208204496588,2025-10-06 09:00:02,2025-10-06 09:00:02,2025-10-06,90,Ergonomic disintermediate matrices,116,1011.000,1,2025-10-02 13:17:28.874605,2025-10-02 13:17:28.874605,2023-01-13 01:19:11,2023-01-13,76,1
6806552902511509396,2025-10-06 09:00:02,2025-10-06 09:00:02,2025-10-06,116,Customizable motivating intranet,121,1581.000,1,2025-10-02 13:17:29.091689,2025-10-02 13:17:29.091689,2025-10-01 11:05:59,2025-10-01,102,1
10266128721655786271,2025-10-06 09:00:02,2025-10-06 09:00:02,2025-10-06,120,Managed 5thgeneration workforce,125,1720.000,4,2025-10-02 13:17:29.123454,2025-10-02 13:17:29.123454,2024-11-21 14:56:56,2024-11-21,106,1
10884475907341972795,2025-10-06 09:00:02,2025-10-06 09:00:02,2025-10-06,130,Laptop ultra 2000,1,5600.000,4,2025-10-02 13:17:29.202344,2025-10-02 13:17:29.202344,2023-10-12 09:56:11,2023-10-12,116,1
11657072507294325450,2025-10-06 09:00:02,2025-10-06 09:00:02,2025-10-06,159,Self-enabling object-oriented productivity,122,3769.000,1,2025-10-02 13:17:29.56565,2025-10-02 13:17:29.56565,2024-07-10 18:53:15,2024-07-10,145,1
1036633716725659599,2025-10-06 09:00:02,2025-10-06 09:00:02,2025-10-06,212,Business-focused explicit focus group,133,14640.000,5,2025-10-02 13:17:29.994852,2025-10-02 13:17:29.994852,2024-06-24 11:31:32,2024-06-24,198,1
9781471348047701302,2025-10-06 09:00:02,2025-10-06 09:00:02,2025-10-06,238,Mandatory full-range data-warehouse,127,5835.000,3,2025-10-02 13:18:17.073215,2025-10-02 13:18:17.073215,2025-07-16 10:20:39,2025-07-16,24,1
15803376536304893410,2025-10-06 09:00:02,2025-10-06 09:00:02,2025-10-06,68,Reduced well-modulated neural-net,115,5850.000,2,2025-10-02 13:17:28.701619,2025-10-02 13:17:28.701619,2025-06-03 03:17:40,2025-06-03,54,1
4760366509307121072,2025-10-06 09:00:02,2025-10-06 09:00:02,2025-10-06,70,Polarized high-level firmware,117,3520.000,1,2025-10-02 13:17:28.713889,2025-10-02 13:17:28.713889,2025-01-18 04:34:55,2025-01-18,56,1
17474745164226578662,2025-10-06 09:00:02,2025-10-06 09:00:02,2025-10-06,99,Managed 5thgeneration workforce,125,860.000,2,2025-10-02 13:17:28.953156,2025-10-02 13:17:28.953156,2023-01-07 01:54:38,2023-01-07,85,1
10171201450521628974,2025-10-06 09:00:02,2025-10-06 09:00:02,2025-10-06,101,Mandatory full-range data-warehouse,127,9725.000,5,2025-10-02 13:17:28.972119,2025-10-02 13:17:28.972119,2024-04-05 10:55:30,2024-04-05,87,1
2216446905824256224,2025-10-06 09:00:02,2025-10-06 09:00:02,2025-10-06,157,Persistent empowering knowledge user,120,17332.000,4,2025-10-02 13:17:29.544904,2025-10-02 13:17:29.544904,2025-02-16 18:19:22,2025-02-16,143,1
17796072813871176587,2025-10-06 09:00:02,2025-10-06 09:00:02,2025-10-06,192,Grass-roots bifurcated methodology,134,12417.000,3,2025-10-02 13:17:29.830471,2025-10-02 13:17:29.830471,2024-04-03 03:06:21,2024-04-03,178,1
16005185743943485352,2025-10-06 09:00:02,2025-10-06 09:00:02,2025-10-06,197,Persistent mobile moderator,118,1443.000,3,2025-10-02 13:17:29.864597,2025-10-02 13:17:29.864597,2023-11-29 11:52:17,2023-11-29,183,1
15185821214082110682,2025-10-06 09:00:02,2025-10-06 09:00:02,2025-10-06,205,Devolved next generation database,126,8192.000,2,2025-10-02 13:17:29.939262,2025-10-02 13:17:29.939262,2025-06-29 16:49:39,2025-06-29,191,1
5520424421201530254,2025-10-06 09:00:02,2025-10-06 09:00:02,2025-10-06,227,Ergonomic disintermediate matrices,116,4044.000,4,2025-10-02 13:18:16.88568,2025-10-02 13:18:16.88568,2023-05-18 17:58:46,2023-05-18,3,1
3460784015593067300,2025-10-06 09:00:02,2025-10-06 09:00:02,2025-10-06,228,Polarized high-level firmware,117,14080.000,4,2025-10-02 13:18:16.89668,2025-10-02 13:18:16.89668,2023-11-23 11:16:19,2023-11-23,4,1
3175921567723197015,2025-10-06 09:00:02,2025-10-06 09:00:02,2025-10-06,232,Customizable motivating intranet,121,4743.000,3,2025-10-02 13:18:16.965243,2025-10-02 13:18:16.965243,2024-07-01 19:50:21,2024-07-01,18,1
13611599027363425189,2025-10-06 09:00:02,2025-10-06 09:00:02,2025-10-06,253,Self-enabling object-oriented productivity,122,15076.000,4,2025-10-02 13:18:19.597968,2025-10-02 13:18:19.597968,2025-02-03 05:33:56,2025-02-03,19,1
7560436998632724891,2025-10-06 09:00:02,2025-10-06 09:00:02,2025-10-06,256,Managed 5thgeneration workforce,125,1290.000,3,2025-10-02 13:18:19.660571,2025-10-02 13:18:19.660571,2025-09-30 07:16:13,2025-09-30,22,1
3202472255932716820,2025-10-06 09:00:02,2025-10-06 09:00:02,2025-10-06,258,Mandatory full-range data-warehouse,127,7780.000,4,2025-10-02 13:18:19.696469,2025-10-02 13:18:19.696469,2024-01-23 00:46:08,2024-01-23,24,1
5771743480067198155,2025-10-06 09:00:02,2025-10-06 09:00:02,2025-10-06,35,Extended scalable moderator,124,16440.000,5,2025-10-02 13:17:28.42204,2025-10-02 13:17:28.42204,2023-07-28 18:50:37,2023-07-28,21,1
18293924001096790136,2025-10-06 09:00:02,2025-10-06 09:00:02,2025-10-06,37,Devolved next generation database,126,4096.000,1,2025-10-02 13:17:28.437782,2025-10-02 13:17:28.437782,2024-10-01 09:09:37,2024-10-01,23,1
16092559801021326268,2025-10-06 09:00:02,2025-10-06 09:00:02,2025-10-06,51,Total needs-based structure,119,3414.000,1,2025-10-02 13:17:28.53951,2025-10-02 13:17:28.53951,2024-01-02 16:55:20,2024-01-02,37,1
6978371818604619532,2025-10-06 09:00:02,2025-10-06 09:00:02,2025-10-06,57,Managed 5thgeneration workforce,125,1720.000,4,2025-10-02 13:17:28.604989,2025-10-02 13:17:28.604989,2024-09-28 14:22:21,2024-09-28,43,1
3350161731599074234,2025-10-06 09:00:02,2025-10-06 09:00:02,2025-10-06,60,User-friendly transitional complexity,128,4926.000,3,2025-10-02 13:17:28.635133,2025-10-02 13:17:28.635133,2024-03-05 23:13:32,2024-03-05,46,1
17962710426566771404,2025-10-06 09:00:02,2025-10-06 09:00:02,2025-10-06,62,Advanced national superstructure,130,11620.000,5,2025-10-02 13:17:28.650705,2025-10-02 13:17:28.650705,2023-01-02 14:52:08,2023-01-02,48,1
12259972163373399383,2025-10-06 09:00:02,2025-10-06 09:00:02,2025-10-06,85,Inverse regional installation,132,1875.000,5,2025-10-02 13:17:28.842501,2025-10-02 13:17:28.842501,2025-03-25 09:21:52,2025-03-25,71,1
2315566014013252031,2025-10-06 09:00:02,2025-10-06 09:00:02,2025-10-06,102,User-friendly transitional complexity,128,8210.000,5,2025-10-02 13:17:28.980515,2025-10-02 13:17:28.980515,2025-01-28 07:39:58,2025-01-28,88,1
4323586856885163713,2025-10-06 09:00:02,2025-10-06 09:00:02,2025-10-06,117,Self-enabling object-oriented productivity,122,15076.000,4,2025-10-02 13:17:29.107684,2025-10-02 13:17:29.107684,2025-02-23 11:56:06,2025-02-23,103,1
7399525572258984044,2025-10-06 09:00:02,2025-10-06 09:00:02,2025-10-06,118,Exclusive zero administration structure,123,1164.000,1,2025-10-02 13:17:29.107684,2025-10-02 13:17:29.107684,2023-06-19 20:02:57,2023-06-19,104,1
16607124045736649963,2025-10-06 09:00:02,2025-10-06 09:00:02,2025-10-06,128,Business-focused explicit focus group,133,5856.000,2,2025-10-02 13:17:29.186684,2025-10-02 13:17:29.186684,2025-04-21 07:29:11,2025-04-21,114,1
1527632587489628505,2025-10-06 09:00:02,2025-10-06 09:00:02,2025-10-06,134,Persistent mobile moderator,118,481.000,1,2025-10-02 13:17:29.237202,2025-10-02 13:17:29.237202,2024-10-20 18:56:20,2024-10-20,120,1
13598403552959772085,2025-10-06 09:00:02,2025-10-06 09:00:02,2025-10-06,136,Persistent empowering knowledge user,120,21665.000,5,2025-10-02 13:17:29.249771,2025-10-02 13:17:29.249771,2025-06-09 18:50:07,2025-06-09,122,1
5469274967864342455,2025-10-06 09:00:02,2025-10-06 09:00:02,2025-10-06,177,Total needs-based structure,119,17070.000,5,2025-10-02 13:17:29.713159,2025-10-02 13:17:29.713159,2023-04-01 12:19:02,2023-04-01,163,1
9703235189924604903,2025-10-06 09:00:02,2025-10-06 09:00:02,2025-10-06,179,Customizable motivating intranet,121,3162.000,2,2025-10-02 13:17:29.72648,2025-10-02 13:17:29.72648,2025-04-19 00:02:20,2025-04-19,165,1
15824244209139724102,2025-10-06 09:00:02,2025-10-06 09:00:02,2025-10-06,216,Ergonomic disintermediate matrices,116,5055.000,5,2025-10-02 13:17:30.029557,2025-10-02 13:17:30.029557,2024-06-12 15:51:34,2024-06-12,202,1
296951264675157497,2025-10-06 09:00:02,2025-10-06 09:00:02,2025-10-06,225,Laptop ultra 2000,1,5600.000,4,2025-10-02 13:18:16.848935,2025-10-02 13:18:16.848935,2025-06-28 04:54:49,2025-06-28,1,1
3811127727894876683,2025-10-06 09:00:02,2025-10-06 09:00:02,2025-10-06,247,Ergonomic disintermediate matrices,116,3033.000,3,2025-10-02 13:18:19.483232,2025-10-02 13:18:19.483232,2024-12-16 00:49:10,2024-12-16,3,1
12734478301439273131,2025-10-06 09:00:02,2025-10-06 09:00:02,2025-10-06,78,Managed 5thgeneration workforce,125,430.000,1,2025-10-02 13:17:28.777295,2025-10-02 13:17:28.777295,2024-05-12 16:07:26,2024-05-12,64,1
7882753744753264216,2025-10-06 09:00:02,2025-10-06 09:00:02,2025-10-06,88,Laptop ultra 2000,1,1400.000,1,2025-10-02 13:17:28.865602,2025-10-02 13:17:28.865602,2025-09-08 08:48:07,2025-09-08,74,1
2672516903212397572,2025-10-06 09:00:02,2025-10-06 09:00:02,2025-10-06,93,Total needs-based structure,119,17070.000,5,2025-10-02 13:17:28.904171,2025-10-02 13:17:28.904171,2025-03-21 11:21:01,2025-03-21,79,1
18195923176096022070,2025-10-06 09:00:02,2025-10-06 09:00:02,2025-10-06,1,Laptop ultra 2000,1,1250.000,2,2025-09-09 14:10:49.447058,2025-09-17 14:51:26.113744,2025-01-01 10:10:10,2025-01-01,1,1
10754712654841318613,2025-10-06 09:00:02,2025-10-06 09:00:02,2025-10-06,106,Inverse regional installation,132,375.000,1,2025-10-02 13:17:29.01389,2025-10-02 13:17:29.01389,2025-03-23 22:23:33,2025-03-23,92,1
4903551588851253299,2025-10-06 09:00:02,2025-10-06 09:00:02,2025-10-06,132,Ergonomic disintermediate matrices,116,3033.000,3,2025-10-02 13:17:29.217978,2025-10-02 13:17:29.217978,2024-02-10 03:14:47,2024-02-10,118,1
2179150686386845069,2025-10-06 09:00:02,2025-10-06 09:00:02,2025-10-06,151,Laptop ultra 2000,1,4200.000,3,2025-10-02 13:17:29.38207,2025-10-02 13:17:29.38207,2024-07-26 13:53:44,2024-07-26,137,1
3546979651101198272,2025-10-06 09:00:02,2025-10-06 09:00:02,2025-10-06,182,Extended scalable moderator,124,6576.000,2,2025-10-02 13:17:29.75252,2025-10-02 13:17:29.75252,2024-08-23 15:41:10,2024-08-23,168,1
11250256494109413056,2025-10-06 09:00:02,2025-10-06 09:00:02,2025-10-06,217,Polarized high-level firmware,117,10560.000,3,2025-10-02 13:17:30.039538,2025-10-02 13:17:30.039538,2025-03-05 11:56:44,2025-03-05,203,1
3801819753929503847,2025-10-06 09:00:02,2025-10-06 09:00:02,2025-10-06,234,Exclusive zero administration structure,123,1164.000,1,2025-10-02 13:18:17.007632,2025-10-02 13:18:17.007632,2024-09-02 23:21:37,2024-09-02,20,1
1763217886249013741,2025-10-06 09:00:02,2025-10-06 09:00:02,2025-10-06,42,Persevering optimizing capability,131,8523.000,3,2025-10-02 13:17:28.479348,2025-10-02 13:17:28.479348,2025-12-22 13:08:01,2025-12-22,28,1
8109710326692263262,2025-10-06 09:00:02,2025-10-06 09:00:02,2025-10-06,65,Business-focused explicit focus group,133,5856.000,2,2025-10-02 13:17:28.675325,2025-10-02 13:17:28.675325,2024-04-04 21:24:17,2024-04-04,51,1
3699401681231411286,2025-10-06 09:00:02,2025-10-06 09:00:02,2025-10-06,86,Business-focused explicit focus group,133,2928.000,1,2025-10-02 13:17:28.845153,2025-10-02 13:17:28.845153,2023-10-29 16:43:21,2023-10-29,72,1
14947431845452249821,2025-10-06 09:00:02,2025-10-06 09:00:02,2025-10-06,91,Polarized high-level firmware,117,17600.000,5,2025-10-02 13:17:28.890903,2025-10-02 13:17:28.890903,2025-02-17 15:56:40,2025-02-17,77,1
17537764641440548948,2025-10-06 09:00:02,2025-10-06 09:00:02,2025-10-06,96,Self-enabling object-oriented productivity,122,7538.000,2,2025-10-02 13:17:28.920983,2025-10-02 13:17:28.920983,2023-05-08 15:07:46,2023-05-08,82,1
17778657537043131483,2025-10-06 09:00:02,2025-10-06 09:00:02,2025-10-06,97,Exclusive zero administration structure,123,2328.000,2,2025-10-02 13:17:28.937279,2025-10-02 13:17:28.937279,2025-03-11 15:46:13,2025-03-11,83,1
4412166050316489742,2025-10-06 09:00:02,2025-10-06 09:00:02,2025-10-06,119,Extended scalable moderator,124,13152.000,4,2025-10-02 13:17:29.107684,2025-10-02 13:17:29.107684,2023-08-21 13:16:05,2023-08-21,105,1
14559696584500192242,2025-10-06 09:00:02,2025-10-06 09:00:02,2025-10-06,121,Devolved next generation database,126,12288.000,3,2025-10-02 13:17:29.139146,2025-10-02 13:17:29.139146,2024-12-13 14:26:22,2024-12-13,107,1
11405544085727407198,2025-10-06 09:00:02,2025-10-06 09:00:02,2025-10-06,137,Customizable motivating intranet,121,6324.000,4,2025-10-02 13:17:29.265527,2025-10-02 13:17:29.265527,2023-09-12 04:56:42,2023-09-12,123,1
9336504029341583798,2025-10-06 09:00:02,2025-10-06 09:00:02,2025-10-06,221,Customizable motivating intranet,121,6324.000,4,2025-10-02 13:17:30.074857,2025-10-02 13:17:30.074857,2024-01-13 05:22:00,2024-01-13,207,1
10916550930972634738,2025-10-06 09:00:02,2025-10-06 09:00:02,2025-10-06,239,User-friendly transitional complexity,128,4926.000,3,2025-10-02 13:18:17.089002,2025-10-02 13:18:17.089002,2025-05-28 22:06:11,2025-05-28,25,1
3325636313050888487,2025-10-06 09:00:02,2025-10-06 09:00:02,2025-10-06,245,Laptop ultra 2000,1,2800.000,2,2025-10-02 13:18:19.433491,2025-10-02 13:18:19.433491,2024-09-11 13:28:57,2024-09-11,1,1
18006186559481676271,2025-10-06 09:00:02,2025-10-06 09:00:02,2025-10-06,44,Business-focused explicit focus group,133,8784.000,3,2025-10-02 13:17:28.492634,2025-10-02 13:17:28.492634,2025-01-05 00:20:54,2025-01-05,30,1
16595858437929190437,2025-10-06 09:00:02,2025-10-06 09:00:02,2025-10-06,46,Laptop ultra 2000,1,2800.000,2,2025-10-02 13:17:28.512322,2025-10-02 13:17:28.512322,2024-11-23 16:44:00,2024-11-23,32,1
2001524005081391814,2025-10-06 09:00:02,2025-10-06 09:00:02,2025-10-06,48,Ergonomic disintermediate matrices,116,1011.000,1,2025-10-02 13:17:28.524974,2025-10-02 13:17:28.524974,2023-04-13 23:49:20,2023-04-13,34,1
18143506892392175904,2025-10-06 09:00:02,2025-10-06 09:00:02,2025-10-06,56,Extended scalable moderator,124,13152.000,4,2025-10-02 13:17:28.587168,2025-10-02 13:17:28.587168,2023-05-13 00:03:09,2023-05-13,42,1
14939435879108780468,2025-10-06 09:00:02,2025-10-06 09:00:02,2025-10-06,69,Ergonomic disintermediate matrices,116,5055.000,5,2025-10-02 13:17:28.71041,2025-10-02 13:17:28.71041,2023-04-11 07:29:32,2023-04-11,55,1
1303516170112309742,2025-10-06 09:00:02,2025-10-06 09:00:02,2025-10-06,74,Customizable motivating intranet,121,6324.000,4,2025-10-02 13:17:28.745467,2025-10-02 13:17:28.745467,2024-11-08 14:57:24,2024-11-08,60,1
17630012037170367482,2025-10-06 09:00:02,2025-10-06 09:00:02,2025-10-06,76,Exclusive zero administration structure,123,3492.000,3,2025-10-02 13:17:28.763094,2025-10-02 13:17:28.763094,2025-01-05 01:08:40,2025-01-05,62,1
122782685705079347,2025-10-06 09:00:02,2025-10-06 09:00:02,2025-10-06,77,Extended scalable moderator,124,3288.000,1,2025-10-02 13:17:28.777295,2025-10-02 13:17:28.777295,2023-06-21 17:37:37,2023-06-21,63,1
1414942368958198669,2025-10-06 09:00:02,2025-10-06 09:00:02,2025-10-06,100,Devolved next generation database,126,20480.000,5,2025-10-02 13:17:28.96157,2025-10-02 13:17:28.96157,2024-04-19 01:12:21,2024-04-19,86,1
7903209111379511966,2025-10-06 09:00:02,2025-10-06 09:00:02,2025-10-06,124,Implemented motivating array,129,1884.000,1,2025-10-02 13:17:29.155191,2025-10-02 13:17:29.155191,2023-01-02 19:38:00,2023-01-02,110,1
16547524110492800162,2025-10-06 09:00:02,2025-10-06 09:00:02,2025-10-06,160,Exclusive zero administration structure,123,1164.000,1,2025-10-02 13:17:29.576285,2025-10-02 13:17:29.576285,2025-06-23 00:03:25,2025-06-23,146,1
10651143592291919237,2025-10-06 09:00:02,2025-10-06 09:00:02,2025-10-06,161,Extended scalable moderator,124,13152.000,4,2025-10-02 13:17:29.581976,2025-10-02 13:17:29.581976,2025-01-08 14:47:25,2025-01-08,147,1
14484129965835760774,2025-10-06 09:00:02,2025-10-06 09:00:02,2025-10-06,164,Mandatory full-range data-warehouse,127,7780.000,4,2025-10-02 13:17:29.608405,2025-10-02 13:17:29.608405,2023-05-15 10:21:58,2023-05-15,150,1
7799322830560293581,2025-10-06 09:00:02,2025-10-06 09:00:02,2025-10-06,174,Ergonomic disintermediate matrices,116,3033.000,3,2025-10-02 13:17:29.687878,2025-10-02 13:17:29.687878,2025-12-26 13:59:56,2025-12-26,160,1
17906517442193818519,2025-10-06 09:00:02,2025-10-06 09:00:02,2025-10-06,189,Persevering optimizing capability,131,14205.000,5,2025-10-02 13:17:29.809487,2025-10-02 13:17:29.809487,2025-01-12 18:09:46,2025-01-12,175,1
260172838514128911,2025-10-06 09:00:02,2025-10-06 09:00:02,2025-10-06,259,User-friendly transitional complexity,128,8210.000,5,2025-10-02 13:18:19.708681,2025-10-02 13:18:19.708681,2025-04-19 18:09:02,2025-04-19,25,1
14754281604733645097,2025-10-06 09:00:02,2025-10-06 09:00:02,2025-10-06,26,Reduced well-modulated neural-net,115,5850.000,2,2025-10-02 13:17:28.342263,2025-10-02 13:17:28.342263,2023-06-24 10:53:03,2023-06-24,2,1
10647761479473359374,2025-10-06 09:00:02,2025-10-06 09:00:02,2025-10-06,32,Customizable motivating intranet,121,7905.000,5,2025-10-02 13:17:28.395803,2025-10-02 13:17:28.395803,2023-12-25 04:31:29,2023-12-25,18,1
7947736803768549620,2025-10-06 09:00:02,2025-10-06 09:00:02,2025-10-06,38,Mandatory full-range data-warehouse,127,3890.000,2,2025-10-02 13:17:28.444517,2025-10-02 13:17:28.444517,2025-12-08 09:36:52,2025-12-08,24,1
15654780412826286201,2025-10-06 09:00:02,2025-10-06 09:00:02,2025-10-06,40,Implemented motivating array,129,1884.000,1,2025-10-02 13:17:28.461428,2025-10-02 13:17:28.461428,2023-11-26 20:53:22,2023-11-26,26,1
13857570294283614436,2025-10-06 09:00:02,2025-10-06 09:00:02,2025-10-06,47,Reduced well-modulated neural-net,115,2925.000,1,2025-10-02 13:17:28.512322,2025-10-02 13:17:28.512322,2025-09-21 12:29:26,2025-09-21,33,1
4460057801050274807,2025-10-06 09:00:02,2025-10-06 09:00:02,2025-10-06,64,Inverse regional installation,132,1500.000,4,2025-10-02 13:17:28.666458,2025-10-02 13:17:28.666458,2023-09-03 19:56:53,2023-09-03,50,1
14973807234343771765,2025-10-06 09:00:02,2025-10-06 09:00:02,2025-10-06,82,Implemented motivating array,129,7536.000,4,2025-10-02 13:17:28.809058,2025-10-02 13:17:28.809058,2023-09-17 18:49:21,2023-09-17,68,1
139482881657402189,2025-10-06 09:00:02,2025-10-06 09:00:02,2025-10-06,92,Persistent mobile moderator,118,481.000,1,2025-10-02 13:17:28.890903,2025-10-02 13:17:28.890903,2024-09-18 17:09:40,2024-09-18,78,1
11369854911614171024,2025-10-06 09:00:02,2025-10-06 09:00:02,2025-10-06,109,Laptop ultra 2000,1,5600.000,4,2025-10-02 13:17:29.042751,2025-10-02 13:17:29.042751,2024-12-05 19:08:03,2024-12-05,95,1
6018639334502490091,2025-10-06 09:00:02,2025-10-06 09:00:02,2025-10-06,110,Reduced well-modulated neural-net,115,8775.000,3,2025-10-02 13:17:29.051565,2025-10-02 13:17:29.051565,2024-05-06 09:29:52,2024-05-06,96,1
3583567049232452125,2025-10-06 09:00:02,2025-10-06 09:00:02,2025-10-06,129,Grass-roots bifurcated methodology,134,16556.000,4,2025-10-02 13:17:29.202344,2025-10-02 13:17:29.202344,2024-12-26 22:09:14,2024-12-26,115,1
13631819217972581778,2025-10-06 09:00:02,2025-10-06 09:00:02,2025-10-06,135,Total needs-based structure,119,3414.000,1,2025-10-02 13:17:29.249771,2025-10-02 13:17:29.249771,2024-09-29 14:44:27,2024-09-29,121,1
15962331566923337365,2025-10-06 09:00:02,2025-10-06 09:00:02,2025-10-06,146,Advanced national superstructure,130,11620.000,5,2025-10-02 13:17:29.3374,2025-10-02 13:17:29.3374,2024-01-27 15:05:41,2024-01-27,132,1
7634389723213653732,2025-10-06 09:00:02,2025-10-06 09:00:02,2025-10-06,148,Inverse regional installation,132,1500.000,4,2025-10-02 13:17:29.348894,2025-10-02 13:17:29.348894,2025-10-16 00:39:04,2025-10-16,134,1
13851413606746833625,2025-10-06 09:00:02,2025-10-06 09:00:02,2025-10-06,175,Polarized high-level firmware,117,17600.000,5,2025-10-02 13:17:29.687878,2025-10-02 13:17:29.687878,2024-10-27 17:53:46,2024-10-27,161,1
1775830177757290316,2025-10-06 09:00:02,2025-10-06 09:00:02,2025-10-06,183,Managed 5thgeneration workforce,125,2150.000,5,2025-10-02 13:17:29.75252,2025-10-02 13:17:29.75252,2024-07-23 16:24:22,2024-07-23,169,1
9039557311777109608,2025-10-06 09:00:02,2025-10-06 09:00:02,2025-10-06,187,Implemented motivating array,129,5652.000,3,2025-10-02 13:17:29.783427,2025-10-02 13:17:29.783427,2025-08-01 12:24:30,2025-08-01,173,1
5614352327670285935,2025-10-06 09:00:02,2025-10-06 09:00:02,2025-10-06,190,Inverse regional installation,132,750.000,2,2025-10-02 13:17:29.817288,2025-10-02 13:17:29.817288,2023-07-10 12:03:34,2023-07-10,176,1
17383884945750364213,2025-10-06 09:00:02,2025-10-06 09:00:02,2025-10-06,191,Business-focused explicit focus group,133,14640.000,5,2025-10-02 13:17:29.817288,2025-10-02 13:17:29.817288,2023-06-24 23:15:58,2023-06-24,177,1
13975705665061110640,2025-10-06 09:00:02,2025-10-06 09:00:02,2025-10-06,195,Ergonomic disintermediate matrices,116,2022.000,2,2025-10-02 13:17:29.855943,2025-10-02 13:17:29.855943,2025-08-23 12:36:10,2025-08-23,181,1
2513603276155478848,2025-10-06 09:00:02,2025-10-06 09:00:02,2025-10-06,200,Customizable motivating intranet,121,3162.000,2,2025-10-02 13:17:29.897099,2025-10-02 13:17:29.897099,2024-06-03 22:52:47,2024-06-03,186,1
15082749764063195073,2025-10-06 09:00:02,2025-10-06 09:00:02,2025-10-06,224,Extended scalable moderator,124,3288.000,1,2025-10-02 13:17:30.090631,2025-10-02 13:17:30.090631,2024-12-24 05:07:40,2024-12-24,210,1
4496383089807654920,2025-10-06 09:00:02,2025-10-06 09:00:02,2025-10-06,229,Persistent mobile moderator,118,2405.000,5,2025-10-02 13:18:16.919315,2025-10-02 13:18:16.919315,2025-06-03 23:11:24,2025-06-03,15,1
3068424554105693730,2025-10-06 09:00:02,2025-10-06 09:00:02,2025-10-06,248,Polarized high-level firmware,117,10560.000,3,2025-10-02 13:18:19.49852,2025-10-02 13:18:19.49852,2025-07-16 02:20:50,2025-07-16,4,1
6119996541185513768,2025-10-06 09:00:02,2025-10-06 09:00:02,2025-10-06,249,Persistent mobile moderator,118,1924.000,4,2025-10-02 13:18:19.524405,2025-10-02 13:18:19.524405,2025-08-05 12:27:26,2025-08-05,15,1
1407980196088252360,2025-10-06 09:00:02,2025-10-06 09:00:02,2025-10-06,250,Total needs-based structure,119,13656.000,4,2025-10-02 13:18:19.544957,2025-10-02 13:18:19.544957,2023-04-29 08:17:17,2023-04-29,16,1
4793549350557352376,2025-10-06 09:00:02,2025-10-06 09:00:02,2025-10-06,251,Persistent empowering knowledge user,120,8666.000,2,2025-10-02 13:18:19.562295,2025-10-02 13:18:19.562295,2024-10-03 21:59:26,2024-10-03,17,1
5396239210097372100,2025-10-06 09:00:02,2025-10-06 09:00:02,2025-10-06,34,Exclusive zero administration structure,123,3492.000,3,2025-10-02 13:17:28.41254,2025-10-02 13:17:28.41254,2024-06-23 02:46:05,2024-06-23,20,1
11201606530205031615,2025-10-06 09:00:02,2025-10-06 09:00:02,2025-10-06,41,Advanced national superstructure,130,6972.000,3,2025-10-02 13:17:28.461428,2025-10-02 13:17:28.461428,2023-08-11 01:36:21,2023-08-11,27,1
5705858418702073175,2025-10-06 09:00:02,2025-10-06 09:00:02,2025-10-06,72,Total needs-based structure,119,17070.000,5,2025-10-02 13:17:28.73642,2025-10-02 13:17:28.73642,2025-01-10 09:59:37,2025-01-10,58,1
9232159539554063762,2025-10-06 09:00:02,2025-10-06 09:00:02,2025-10-06,98,Extended scalable moderator,124,6576.000,2,2025-10-02 13:17:28.945913,2025-10-02 13:17:28.945913,2025-12-07 00:27:45,2025-12-07,84,1
16576558942869118,2025-10-06 09:00:02,2025-10-06 09:00:02,2025-10-06,108,Grass-roots bifurcated methodology,134,16556.000,4,2025-10-02 13:17:29.034327,2025-10-02 13:17:29.034327,2023-10-01 05:02:13,2023-10-01,94,1
13139499492388098737,2025-10-06 09:00:02,2025-10-06 09:00:02,2025-10-06,127,Inverse regional installation,132,1125.000,3,2025-10-02 13:17:29.186684,2025-10-02 13:17:29.186684,2023-11-14 18:08:33,2023-11-14,113,1
5242032186644703687,2025-10-06 09:00:02,2025-10-06 09:00:02,2025-10-06,131,Reduced well-modulated neural-net,115,2925.000,1,2025-10-02 13:17:29.217978,2025-10-02 13:17:29.217978,2024-04-19 01:37:59,2024-04-19,117,1
12221506187664879973,2025-10-06 09:00:02,2025-10-06 09:00:02,2025-10-06,169,Inverse regional installation,132,1875.000,5,2025-10-02 13:17:29.648021,2025-10-02 13:17:29.648021,2025-04-15 10:34:54,2025-04-15,155,1
5858453945150364845,2025-10-06 09:00:02,2025-10-06 09:00:02,2025-10-06,170,Business-focused explicit focus group,133,8784.000,3,2025-10-02 13:17:29.656187,2025-10-02 13:17:29.656187,2025-06-19 18:35:17,2025-06-19,156,1
1813221909387002797,2025-10-06 09:00:02,2025-10-06 09:00:02,2025-10-06,176,Persistent mobile moderator,118,1443.000,3,2025-10-02 13:17:29.703959,2025-10-02 13:17:29.703959,2025-03-12 10:02:05,2025-03-12,162,1
3476082300259735160,2025-10-06 09:00:02,2025-10-06 09:00:02,2025-10-06,178,Persistent empowering knowledge user,120,12999.000,3,2025-10-02 13:17:29.719701,2025-10-02 13:17:29.719701,2024-12-08 02:32:45,2024-12-08,164,1
10205107513512609019,2025-10-06 09:00:02,2025-10-06 09:00:02,2025-10-06,180,Self-enabling object-oriented productivity,122,7538.000,2,2025-10-02 13:17:29.73901,2025-10-02 13:17:29.73901,2023-05-28 23:45:26,2023-05-28,166,1
6455614760759544724,2025-10-06 09:00:02,2025-10-06 09:00:02,2025-10-06,184,Devolved next generation database,126,16384.000,4,2025-10-02 13:17:29.767044,2025-10-02 13:17:29.767044,2025-03-13 17:20:52,2025-03-13,170,1
549711497019678253,2025-10-06 09:00:02,2025-10-06 09:00:02,2025-10-06,186,User-friendly transitional complexity,128,6568.000,4,2025-10-02 13:17:29.783427,2025-10-02 13:17:29.783427,2024-04-04 11:36:05,2024-04-04,172,1
11052665679296234147,2025-10-06 09:00:02,2025-10-06 09:00:02,2025-10-06,188,Advanced national superstructure,130,9296.000,4,2025-10-02 13:17:29.800418,2025-10-02 13:17:29.800418,2024-08-17 13:22:50,2024-08-17,174,1
948310404322081,2025-10-06 09:00:02,2025-10-06 09:00:02,2025-10-06,218,Persistent mobile moderator,118,2405.000,5,2025-10-02 13:17:30.043175,2025-10-02 13:17:30.043175,2023-05-18 15:46:01,2023-05-18,204,1
15206765182235384808,2025-10-06 09:00:02,2025-10-06 09:00:02,2025-10-06,223,Exclusive zero administration structure,123,1164.000,1,2025-10-02 13:17:30.090631,2025-10-02 13:17:30.090631,2025-02-04 20:17:32,2025-02-04,209,1
10206591984232178012,2025-10-06 09:00:02,2025-10-06 09:00:02,2025-10-06,233,Self-enabling object-oriented productivity,122,3769.000,1,2025-10-02 13:18:16.983913,2025-10-02 13:18:16.983913,2025-08-17 16:31:05,2025-08-17,19,1
1786064479221305782,2025-10-06 09:00:02,2025-10-06 09:00:02,2025-10-06,246,Reduced well-modulated neural-net,115,5850.000,2,2025-10-02 13:18:19.449616,2025-10-02 13:18:19.449616,2023-11-26 06:16:47,2023-11-26,2,1
7237645064218000962,2025-10-06 09:00:02,2025-10-06 09:00:02,2025-10-06,36,Managed 5thgeneration workforce,125,1290.000,3,2025-10-02 13:17:28.429727,2025-10-02 13:17:28.429727,2023-09-16 12:51:33,2023-09-16,22,1
10263008402965372707,2025-10-06 09:00:02,2025-10-06 09:00:02,2025-10-06,39,User-friendly transitional complexity,128,6568.000,4,2025-10-02 13:17:28.444517,2025-10-02 13:17:28.444517,2025-10-05 23:47:48,2025-10-05,25,1
7844740574075819251,2025-10-06 09:00:02,2025-10-06 09:00:02,2025-10-06,59,Mandatory full-range data-warehouse,127,9725.000,5,2025-10-02 13:17:28.625853,2025-10-02 13:17:28.625853,2024-02-24 20:45:33,2024-02-24,45,1
14204648710659689738,2025-10-06 09:00:02,2025-10-06 09:00:02,2025-10-06,81,User-friendly transitional complexity,128,8210.000,5,2025-10-02 13:17:28.809058,2025-10-02 13:17:28.809058,2025-09-18 08:59:02,2025-09-18,67,1
17810932739373034334,2025-10-06 09:00:02,2025-10-06 09:00:02,2025-10-06,107,Business-focused explicit focus group,133,8784.000,3,2025-10-02 13:17:29.021937,2025-10-02 13:17:29.021937,2023-04-15 11:07:55,2023-04-15,93,1
3313836615066761225,2025-10-06 09:00:02,2025-10-06 09:00:02,2025-10-06,143,Mandatory full-range data-warehouse,127,1945.000,1,2025-10-02 13:17:29.313394,2025-10-02 13:17:29.313394,2024-12-22 02:23:18,2024-12-22,129,1
1285212690878156136,2025-10-06 09:00:02,2025-10-06 09:00:02,2025-10-06,150,Grass-roots bifurcated methodology,134,20695.000,5,2025-10-02 13:17:29.373529,2025-10-02 13:17:29.373529,2024-06-17 08:12:42,2024-06-17,136,1
17849644252300239067,2025-10-06 09:00:02,2025-10-06 09:00:02,2025-10-06,152,Reduced well-modulated neural-net,115,11700.000,4,2025-10-02 13:17:29.38207,2025-10-02 13:17:29.38207,2024-08-30 11:58:45,2024-08-30,138,1
5895493972832629923,2025-10-06 09:00:02,2025-10-06 09:00:02,2025-10-06,156,Total needs-based structure,119,13656.000,4,2025-10-02 13:17:29.531633,2025-10-02 13:17:29.531633,2023-06-22 00:34:09,2023-06-22,142,1
13043058702993641590,2025-10-06 09:00:02,2025-10-06 09:00:02,2025-10-06,158,Customizable motivating intranet,121,6324.000,4,2025-10-02 13:17:29.55715,2025-10-02 13:17:29.55715,2024-02-13 13:01:21,2024-02-13,144,1
9061801138351709487,2025-10-06 09:00:02,2025-10-06 09:00:02,2025-10-06,173,Reduced well-modulated neural-net,115,8775.000,3,2025-10-02 13:17:29.67217,2025-10-02 13:17:29.67217,2025-01-22 23:49:54,2025-01-22,159,1
1689603226820855596,2025-10-06 09:00:02,2025-10-06 09:00:02,2025-10-06,196,Polarized high-level firmware,117,17600.000,5,2025-10-02 13:17:29.864597,2025-10-02 13:17:29.864597,2023-01-14 21:48:47,2023-01-14,182,1
9656999370430758596,2025-10-06 09:00:02,2025-10-06 09:00:02,2025-10-06,226,Reduced well-modulated neural-net,115,14625.000,5,2025-10-02 13:18:16.865939,2025-10-02 13:18:16.865939,2024-01-05 14:07:20,2024-01-05,2,1
17746665538009690280,2025-10-06 09:00:02,2025-10-06 09:00:02,2025-10-06,261,Advanced national superstructure,130,9296.000,4,2025-10-02 13:18:19.745853,2025-10-02 13:18:19.745853,2025-10-31 04:19:19,2025-10-31,27,1
3286391804344429953,2025-10-06 09:00:02,2025-10-06 09:00:02,2025-10-06,43,Inverse regional installation,132,750.000,2,2025-10-02 13:17:28.479348,2025-10-02 13:17:28.479348,2023-07-22 20:03:44,2023-07-22,29,1
17486850168852842433,2025-10-06 09:00:02,2025-10-06 09:00:02,2025-10-06,55,Exclusive zero administration structure,123,4656.000,4,2025-10-02 13:17:28.587168,2025-10-02 13:17:28.587168,2024-11-11 08:40:18,2024-11-11,41,1
2077596104596554182,2025-10-06 09:00:02,2025-10-06 09:00:02,2025-10-06,67,Laptop ultra 2000,1,1400.000,1,2025-10-02 13:17:28.692167,2025-10-02 13:17:28.692167,2024-08-06 18:41:08,2024-08-06,53,1
6047966461627273384,2025-10-06 09:00:02,2025-10-06 09:00:02,2025-10-06,79,Devolved next generation database,126,16384.000,4,2025-10-02 13:17:28.793465,2025-10-02 13:17:28.793465,2024-03-28 19:18:25,2024-03-28,65,1
17524466927938929733,2025-10-06 09:00:02,2025-10-06 09:00:02,2025-10-06,87,Grass-roots bifurcated methodology,134,12417.000,3,2025-10-02 13:17:28.856806,2025-10-02 13:17:28.856806,2024-01-24 20:06:47,2024-01-24,73,1
8006310493985606312,2025-10-06 17:20:03,2025-10-06 17:20:03,2025-10-06,265,Laptop ultra 2000,1,1450.000,2,2025-10-06 14:18:16.35868,2025-10-06 14:18:16.358697,2025-01-01 10:10:10,2025-01-01,215,1
