GENERATED_DAY,TOTAL_TOKENS_SPENT,DAY_OF_THE_WEEK,RECORD_MONTH,RECORD_YEAR,IS_WEEKEND,LAST_DAY_SALES,LAST_7_DAYS_SALES,TOTAL_TRANSACTIONS_COUNT
2023-01-02,10848,1,1,2023,0,,10848,2
2023-01-03,1090,2,1,2023,0,10848,11938,1
2023-01-04,1465,3,1,2023,0,1090,13403,1
2023-01-05,2768,4,1,2023,0,1465,16171,1
2023-01-06,21245,5,1,2023,0,2768,37416,3
2023-01-07,4162,6,1,2023,1,21245,41578,1
2023-01-08,8436,7,1,2023,1,4162,50014,2
2023-01-10,5846,2,1,2023,0,8436,45012,1
2023-01-11,1035,3,1,2023,0,5846,44957,1
2023-01-12,10037,4,1,2023,0,1035,53529,2
2023-01-14,5335,6,1,2023,1,10037,56096,1
2023-01-15,7775,7,1,2023,1,5335,42626,1
2023-01-16,7126,1,1,2023,0,7775,45590,2
2023-01-17,7629,2,1,2023,0,7126,44783,1
2023-01-18,8182,3,1,2023,0,7629,47119,1
2023-01-19,5638,4,1,2023,0,8182,51722,1
2023-01-21,7388,6,1,2023,1,5638,49073,2
2023-01-22,6404,7,1,2023,1,7388,50142,1
2023-01-25,6468,3,1,2023,0,6404,48835,2
2023-01-26,22913,4,1,2023,0,6468,64622,3
2023-01-27,22895,5,1,2023,0,22913,79888,4
2023-01-28,8448,6,1,2023,1,22895,80154,2
2023-01-29,13068,7,1,2023,1,8448,87584,2
2023-01-30,4699,1,1,2023,0,13068,84895,1
2023-01-31,17452,2,1,2023,0,4699,95943,4
2023-02-01,3709,3,2,2023,0,17452,93184,1
2023-02-03,36251,5,2,2023,0,3709,106522,6
2023-02-05,25997,7,2,2023,1,36251,109624,5
2023-02-07,19406,2,2,2023,0,25997,120582,5
2023-02-08,6138,3,2,2023,0,19406,113652,1
2023-02-09,1830,4,2,2023,0,6138,110783,1
2023-02-10,1133,5,2,2023,0,1830,94464,1
2023-02-11,20044,6,2,2023,1,1133,110799,4
2023-02-12,5419,7,2,2023,1,20044,79967,1
2023-02-13,11010,1,2,2023,0,5419,64980,3
2023-02-14,2855,2,2,2023,0,11010,48429,1
2023-02-15,6262,3,2,2023,0,2855,48553,2
2023-02-16,20541,4,2,2023,0,6262,67264,5
2023-02-17,18390,5,2,2023,0,20541,84521,3
2023-02-19,6784,7,2,2023,1,18390,71261,1
2023-02-20,6577,1,2,2023,0,6784,72419,1
2023-02-21,3398,2,2,2023,0,6577,64807,2
2023-02-22,13441,3,2,2023,0,3398,75393,3
2023-02-25,14838,6,2,2023,1,13441,83969,2
2023-02-26,2117,7,2,2023,1,14838,65545,1
2023-02-27,19083,1,2,2023,0,2117,66238,4
2023-02-28,8606,2,2,2023,0,19083,68060,1
2023-03-01,8580,3,3,2023,0,8606,70063,1
2023-03-02,4773,4,3,2023,0,8580,71438,3
2023-03-03,6380,5,3,2023,0,4773,64377,2
2023-03-04,22614,6,3,2023,1,6380,72153,4
2023-03-05,14390,7,3,2023,1,22614,84426,2
2023-03-06,2496,1,3,2023,0,14390,67839,1
2023-03-07,24967,2,3,2023,0,2496,84200,4
2023-03-08,10522,3,3,2023,0,24967,86142,3
2023-03-09,3067,4,3,2023,0,10522,84436,1
2023-03-11,9340,6,3,2023,1,3067,87396,2
2023-03-12,11971,7,3,2023,1,9340,76753,2
2023-03-13,11360,1,3,2023,0,11971,73723,3
2023-03-14,23428,2,3,2023,0,11360,94655,3
2023-03-15,13385,3,3,2023,0,23428,83073,2
2023-03-18,6150,6,3,2023,1,13385,78701,1
2023-03-19,5979,7,3,2023,1,6150,81613,1
2023-03-22,1308,3,3,2023,0,5979,73581,1
2023-03-23,6520,4,3,2023,0,1308,68130,1
2023-03-24,28015,5,3,2023,0,6520,84785,4
2023-03-25,14639,6,3,2023,1,28015,75996,3
2023-03-26,1358,7,3,2023,1,14639,63969,1
2023-03-27,5067,1,3,2023,0,1358,62886,1
2023-03-28,10492,2,3,2023,0,5067,67399,2
2023-03-29,10112,3,3,2023,0,10492,76203,3
2023-03-30,3034,4,3,2023,0,10112,72717,1
2023-03-31,9451,5,3,2023,0,3034,54153,3
2023-04-01,12912,6,4,2023,1,9451,52426,2
2023-04-02,18643,7,4,2023,1,12912,69711,3
2023-04-04,6786,2,4,2023,0,18643,71430,2
2023-04-05,20668,3,4,2023,0,6786,81606,3
2023-04-06,11009,4,4,2023,0,20668,82503,2
2023-04-07,16953,5,4,2023,0,11009,96422,3
2023-04-09,10723,7,4,2023,1,16953,97694,4
2023-04-10,13064,1,4,2023,0,10723,97846,2
2023-04-11,7843,2,4,2023,0,13064,87046,2
2023-04-12,11087,3,4,2023,0,7843,91347,2
2023-04-13,8735,4,4,2023,0,11087,79414,1
2023-04-14,8648,5,4,2023,0,8735,77053,2
2023-04-15,32094,6,4,2023,1,8648,92194,8
2023-04-16,295,7,4,2023,1,32094,81766,1
2023-04-18,7032,2,4,2023,0,295,75734,2
2023-04-19,8371,3,4,2023,0,7032,76262,1
2023-04-20,2179,4,4,2023,0,8371,67354,1
2023-04-21,8097,5,4,2023,0,2179,66716,2
2023-04-22,30409,6,4,2023,1,8097,88477,6
2023-04-23,21478,7,4,2023,1,30409,77861,5
2023-04-24,6554,1,4,2023,0,21478,84120,1
2023-04-25,11908,2,4,2023,0,6554,88996,4
2023-04-26,14914,3,4,2023,0,11908,95539,3
2023-04-27,5573,4,4,2023,0,14914,98933,2
2023-04-28,6513,5,4,2023,0,5573,97349,2
2023-04-29,7566,6,4,2023,1,6513,74506,2
2023-04-30,11041,7,4,2023,1,7566,64069,3
2023-05-02,8970,2,5,2023,0,11041,66485,4
2023-05-03,20885,3,5,2023,0,8970,75462,3
2023-05-04,1788,4,5,2023,0,20885,62336,1
2023-05-05,16577,5,5,2023,0,1788,73340,3
2023-05-06,27765,6,5,2023,1,16577,94592,5
2023-05-07,39448,7,5,2023,1,27765,126474,9
2023-05-08,15336,1,5,2023,0,39448,130769,3
2023-05-09,10326,2,5,2023,0,15336,132125,2
2023-05-10,20160,3,5,2023,0,10326,131400,4
2023-05-11,12122,4,5,2023,0,20160,141734,2
2023-05-12,16309,5,5,2023,0,12122,141466,2
2023-05-13,41195,6,5,2023,1,16309,154896,7
2023-05-14,20603,7,5,2023,1,41195,136051,4
2023-05-15,6933,1,5,2023,0,20603,127648,3
2023-05-16,12305,2,5,2023,0,6933,129627,2
2023-05-18,13751,4,5,2023,0,12305,123218,2
2023-05-19,17947,5,5,2023,0,13751,129043,4
2023-05-20,20952,6,5,2023,1,17947,133686,6
2023-05-21,30028,7,5,2023,1,20952,122519,6
2023-05-23,4596,2,5,2023,0,30028,106512,1
2023-05-24,10025,3,5,2023,0,4596,109604,4
2023-05-25,15805,4,5,2023,0,10025,113104,2
2023-05-26,12210,5,5,2023,0,15805,111563,2
2023-05-27,12225,6,5,2023,1,12210,105841,3
2023-05-28,38468,7,5,2023,1,12225,123357,6
2023-05-29,27764,1,5,2023,0,38468,121093,5
2023-05-30,5086,2,5,2023,0,27764,121583,2
2023-05-31,22221,3,5,2023,0,5086,133779,5
2023-06-01,19683,4,6,2023,0,22221,137657,4
2023-06-02,29523,5,6,2023,0,19683,154970,6
2023-06-03,10867,6,6,2023,1,29523,153612,2
2023-06-04,10708,7,6,2023,1,10867,125852,2
2023-06-05,14366,1,6,2023,0,10708,112454,3
2023-06-07,27255,3,6,2023,0,14366,134623,5
2023-06-08,31441,4,6,2023,0,27255,143843,6
2023-06-09,18863,5,6,2023,0,31441,143023,4
2023-06-10,20873,6,6,2023,1,18863,134373,5
2023-06-11,35030,7,6,2023,1,20873,158536,5
2023-06-12,19886,1,6,2023,0,35030,167714,4
2023-06-13,9790,2,6,2023,0,19886,163138,3
2023-06-14,11571,3,6,2023,0,9790,147454,3
2023-06-16,34687,5,6,2023,0,11571,150700,6
2023-06-17,20240,6,6,2023,1,34687,152077,5
2023-06-18,12289,7,6,2023,1,20240,143493,2
2023-06-19,19090,1,6,2023,0,12289,127553,5
2023-06-20,6230,2,6,2023,0,19090,113897,2
2023-06-21,8835,3,6,2023,0,6230,112942,5
2023-06-22,31088,4,6,2023,0,8835,132459,7
2023-06-23,24062,5,6,2023,0,31088,121834,5
2023-06-24,18657,6,6,2023,1,24062,120251,5
2023-06-25,18034,7,6,2023,1,18657,125996,4
2023-06-26,15031,1,6,2023,0,18034,121937,2
2023-06-27,12255,2,6,2023,0,15031,127962,3
2023-06-28,5893,3,6,2023,0,12255,125020,2
2023-06-29,33467,4,6,2023,0,5893,127399,5
2023-06-30,12164,5,6,2023,0,33467,115501,3
2023-07-01,28706,6,7,2023,1,12164,125550,5
2023-07-02,22721,7,7,2023,1,28706,130237,7
2023-07-03,22623,1,7,2023,0,22721,137829,4
2023-07-04,3417,2,7,2023,0,22623,128991,1
2023-07-05,3440,3,7,2023,0,3417,126538,2
2023-07-06,32097,4,7,2023,0,3440,125168,7
2023-07-07,26772,5,7,2023,0,32097,139776,5
2023-07-08,10223,6,7,2023,1,26772,121293,3
2023-07-09,10880,7,7,2023,1,10223,109452,4
2023-07-10,9634,1,7,2023,0,10880,96463,2
2023-07-11,5613,2,7,2023,0,9634,98659,1
2023-07-12,4549,3,7,2023,0,5613,99768,1
2023-07-13,20067,4,7,2023,0,4549,87738,3
2023-07-14,12974,5,7,2023,0,20067,73940,4
2023-07-15,24003,6,7,2023,1,12974,87720,3
2023-07-16,14018,7,7,2023,1,24003,90858,3
2023-07-17,12591,1,7,2023,0,14018,93815,2
2023-07-18,19622,2,7,2023,0,12591,107824,4
2023-07-19,17700,3,7,2023,0,19622,120975,5
2023-07-20,34630,4,7,2023,0,17700,135538,7
2023-07-21,23443,5,7,2023,0,34630,146007,6
2023-07-22,47583,6,7,2023,1,23443,169587,8
2023-07-23,12873,7,7,2023,1,47583,168442,3
2023-07-24,23819,1,7,2023,0,12873,179670,5
2023-07-25,16679,2,7,2023,0,23819,176727,2
2023-07-26,9223,3,7,2023,0,16679,168250,4
2023-07-27,9921,4,7,2023,0,9223,143541,2
2023-07-28,37087,5,7,2023,0,9921,157185,6
2023-07-29,13333,6,7,2023,1,37087,122935,3
2023-07-30,21933,7,7,2023,1,13333,131995,4
2023-07-31,13309,1,7,2023,0,21933,121485,2
2023-08-01,10297,2,8,2023,0,13309,115103,2
2023-08-02,18095,3,8,2023,0,10297,123975,3
2023-08-03,12881,4,8,2023,0,18095,126935,3
2023-08-04,23578,5,8,2023,0,12881,113426,7
2023-08-05,9488,6,8,2023,1,23578,109581,2
2023-08-06,703,7,8,2023,1,9488,88351,1
2023-08-07,973,1,8,2023,0,703,76015,1
2023-08-08,15290,2,8,2023,0,973,81008,3
2023-08-09,11447,3,8,2023,0,15290,74360,2
2023-08-11,15626,5,8,2023,0,11447,77105,2
2023-08-13,13104,7,8,2023,1,15626,66631,5
2023-08-14,3109,1,8,2023,0,13104,60252,1
2023-08-15,15340,2,8,2023,0,3109,74889,2
2023-08-16,15312,3,8,2023,0,15340,89228,2
2023-08-17,5402,4,8,2023,0,15312,79340,3
2023-08-18,14667,5,8,2023,0,5402,82560,4
2023-08-19,12158,6,8,2023,1,14667,79092,3
2023-08-20,5004,7,8,2023,1,12158,70992,1
2023-08-21,2011,1,8,2023,0,5004,69894,1
2023-08-22,8300,2,8,2023,0,2011,62854,3
2023-08-24,7141,4,8,2023,0,8300,54683,3
2023-08-25,11868,5,8,2023,0,7141,61149,3
2023-08-26,24727,6,8,2023,1,11868,71209,5
2023-08-27,17821,7,8,2023,1,24727,76872,5
2023-08-28,6810,1,8,2023,0,17821,78678,2
2023-08-29,3201,2,8,2023,0,6810,79868,1
2023-08-30,5665,3,8,2023,0,3201,77233,1
2023-08-31,6602,4,8,2023,0,5665,76694,2
2023-09-01,8461,5,9,2023,0,6602,73287,2
2023-09-02,16923,6,9,2023,1,8461,65483,5
2023-09-03,13823,7,9,2023,1,16923,61485,2
2023-09-04,4550,1,9,2023,0,13823,59225,1
2023-09-05,15545,2,9,2023,0,4550,71569,2
2023-09-06,6851,3,9,2023,0,15545,72755,1
2023-09-07,3198,4,9,2023,0,6851,69351,2
2023-09-09,8846,6,9,2023,1,3198,69736,2
2023-09-10,12426,7,9,2023,1,8846,65239,2
2023-09-11,4993,1,9,2023,0,12426,56409,2
2023-09-12,19266,2,9,2023,0,4993,71125,4
2023-09-13,4188,3,9,2023,0,19266,59768,1
2023-09-15,31324,5,9,2023,0,4188,84241,6
2023-09-16,8734,6,9,2023,1,31324,89777,2
2023-09-17,6986,7,9,2023,1,8734,87917,2
2023-09-18,6945,1,9,2023,0,6986,82436,1
2023-09-20,23908,3,9,2023,0,6945,101351,5
2023-09-21,6020,4,9,2023,0,23908,88105,3
2023-09-23,6202,6,9,2023,1,6020,90119,1
2023-09-24,5173,7,9,2023,1,6202,63968,1
2023-09-25,9218,1,9,2023,0,5173,64452,2
2023-09-26,18002,2,9,2023,0,9218,75468,3
2023-09-27,6051,3,9,2023,0,18002,74574,1
2023-09-28,11984,4,9,2023,0,6051,62650,3
2023-09-29,2482,5,9,2023,0,11984,59112,1
2023-10-02,2365,1,10,2023,0,2482,55275,1
2023-10-03,7821,2,10,2023,0,2365,57923,1
2023-10-04,19919,3,10,2023,0,7821,68624,4
2023-10-05,8610,4,10,2023,0,19919,59232,3
2023-10-06,833,5,10,2023,0,8610,54014,1
2023-10-07,12940,6,10,2023,1,833,54970,4
2023-10-09,3356,1,10,2023,0,12940,55844,1
2023-10-11,19451,3,10,2023,0,3356,72930,4
2023-10-12,9535,4,10,2023,0,19451,74644,3
2023-10-13,7837,5,10,2023,0,9535,62562,2
2023-10-14,16038,6,10,2023,1,7837,69990,5
2023-10-15,28001,7,10,2023,1,16038,97158,8
2023-10-16,7209,1,10,2023,0,28001,91427,1
2023-10-17,5328,2,10,2023,0,7209,93399,2
2023-10-18,14109,3,10,2023,0,5328,88057,3
2023-10-19,17273,4,10,2023,0,14109,95795,3
2023-10-20,8647,5,10,2023,0,17273,96605,1
2023-10-21,12997,6,10,2023,1,8647,93564,4
2023-10-22,3778,7,10,2023,1,12997,69341,1
2023-10-23,16426,1,10,2023,0,3778,78558,4
2023-10-25,1256,3,10,2023,0,16426,74486,1
2023-10-26,10051,4,10,2023,0,1256,70428,2
2023-10-27,36551,5,10,2023,0,10051,89706,5
2023-10-28,6129,6,10,2023,1,36551,87188,2
2023-10-29,11666,7,10,2023,1,6129,85857,2
2023-10-30,1508,1,10,2023,0,11666,83587,1
2023-10-31,5872,2,10,2023,0,1508,73033,2
2023-11-01,7209,3,11,2023,0,5872,78986,2
2023-11-02,32486,4,11,2023,0,7209,101421,6
2023-11-03,22147,5,11,2023,0,32486,87017,4
2023-11-04,17137,6,11,2023,1,22147,98025,4
2023-11-05,7131,7,11,2023,1,17137,93490,2
2023-11-06,10978,1,11,2023,0,7131,102960,2
2023-11-07,9833,2,11,2023,0,10978,106921,2
2023-11-08,18942,3,11,2023,0,9833,118654,3
2023-11-09,8581,4,11,2023,0,18942,94749,3
2023-11-10,19050,5,11,2023,0,8581,91652,5
2023-11-11,17414,6,11,2023,1,19050,91929,3
2023-11-12,16423,7,11,2023,1,17414,101221,4
2023-11-13,11010,1,11,2023,0,16423,101253,3
2023-11-14,7733,2,11,2023,0,11010,99153,2
2023-11-15,6236,3,11,2023,0,7733,86447,1
2023-11-16,12429,4,11,2023,0,6236,90295,3
2023-11-17,54195,5,11,2023,0,12429,125440,8
2023-11-18,28636,6,11,2023,1,54195,136662,6
2023-11-19,19438,7,11,2023,1,28636,139677,5
2023-11-20,3031,1,11,2023,0,19438,131698,1
2023-11-21,19206,2,11,2023,0,3031,143171,4
2023-11-22,5469,3,11,2023,0,19206,142404,2
2023-11-23,17164,4,11,2023,0,5469,147139,3
2023-11-24,9131,5,11,2023,0,17164,102075,3
2023-11-25,29436,6,11,2023,1,9131,102875,6
2023-11-26,7351,7,11,2023,1,29436,90788,2
2023-11-27,15557,1,11,2023,0,7351,103314,4
2023-11-28,23272,2,11,2023,0,15557,107380,6
2023-11-29,11047,3,11,2023,0,23272,112958,3
2023-11-30,17698,4,11,2023,0,11047,113492,5
2023-12-01,16325,5,12,2023,0,17698,120686,3
2023-12-02,35907,6,12,2023,1,16325,127157,6
2023-12-03,2580,7,12,2023,1,35907,122386,2
2023-12-04,21884,1,12,2023,0,2580,128713,5
2023-12-05,17796,2,12,2023,0,21884,123237,4
2023-12-06,28086,3,12,2023,0,17796,140276,5
2023-12-07,33229,4,12,2023,0,28086,155807,5
2023-12-08,11638,5,12,2023,0,33229,151120,2
2023-12-09,36818,6,12,2023,1,11638,152031,8
2023-12-10,24146,7,12,2023,1,36818,173597,5
2023-12-11,7596,1,12,2023,0,24146,159309,3
2023-12-12,19813,2,12,2023,0,7596,161326,3
2023-12-13,6905,3,12,2023,0,19813,140145,1
2023-12-14,36107,4,12,2023,0,6905,143023,7
2023-12-15,25215,5,12,2023,0,36107,156600,6
2023-12-16,40037,6,12,2023,1,25215,159819,8
2023-12-17,24909,7,12,2023,1,40037,160582,6
2023-12-18,18502,1,12,2023,0,24909,171488,4
2023-12-19,34863,2,12,2023,0,18502,186538,6
2023-12-20,19491,3,12,2023,0,34863,199124,5
2023-12-21,32410,4,12,2023,0,19491,195427,6
2023-12-22,44407,5,12,2023,0,32410,214619,10
2023-12-23,21667,6,12,2023,1,44407,196249,5
2023-12-24,8368,7,12,2023,1,21667,179708,2
2023-12-25,19629,1,12,2023,0,8368,180835,8
2023-12-26,18726,2,12,2023,0,19629,164698,6
2023-12-27,34510,3,12,2023,0,18726,179717,5
2023-12-28,17369,4,12,2023,0,34510,164676,5
2023-12-29,21222,5,12,2023,0,17369,141491,5
2023-12-30,32702,6,12,2023,1,21222,152526,6
2023-12-31,21106,7,12,2023,1,32702,165264,5
2024-01-02,5714,2,1,2024,0,21106,151349,1
2024-01-04,5714,4,1,2024,0,5714,138337,1
2024-01-05,25498,5,1,2024,0,5714,129325,6
2024-01-06,12750,6,1,2024,1,25498,124706,2
2024-01-07,11318,7,1,2024,1,12750,114802,2
2024-01-08,5308,1,1,2024,0,11318,87408,1
2024-01-09,17704,2,1,2024,0,5308,84006,2
2024-01-10,27771,3,1,2024,0,17704,106063,5
2024-01-11,7432,4,1,2024,0,27771,107781,1
2024-01-12,29906,5,1,2024,0,7432,112189,6
2024-01-13,50403,6,1,2024,1,29906,149842,10
2024-01-14,13251,7,1,2024,1,50403,151775,4
2024-01-15,3440,1,1,2024,0,13251,149907,1
2024-01-16,7358,2,1,2024,0,3440,139561,3
2024-01-17,12719,3,1,2024,0,7358,124509,3
2024-01-19,6682,5,1,2024,0,12719,123759,1
2024-01-20,28127,6,1,2024,1,6682,121980,5
2024-01-21,30489,7,1,2024,1,28127,102066,7
2024-01-22,1815,1,1,2024,0,30489,90630,1
2024-01-24,12491,3,1,2024,0,1815,99681,2
2024-01-25,5496,4,1,2024,0,12491,97819,2
2024-01-26,21830,5,1,2024,0,5496,106930,6
2024-01-27,24161,6,1,2024,1,21830,124409,7
2024-01-28,10100,7,1,2024,1,24161,106382,3
2024-01-29,31515,1,1,2024,0,10100,107408,6
2024-01-30,8943,2,1,2024,0,31515,114536,1
2024-01-31,2339,3,1,2024,0,8943,104384,1
2024-02-01,9696,4,2,2024,0,2339,108584,2
2024-02-02,17145,5,2,2024,0,9696,103899,3
2024-02-03,7784,6,2,2024,1,17145,87522,3
2024-02-05,19581,1,2,2024,0,7784,97003,3
2024-02-06,11623,2,2,2024,0,19581,77111,2
2024-02-07,32862,3,2,2024,0,11623,101030,5
2024-02-08,16414,4,2,2024,0,32862,115105,2
2024-02-09,5647,5,2,2024,0,16414,111056,1
2024-02-10,12655,6,2,2024,1,5647,106566,4
2024-02-11,7457,7,2,2024,1,12655,106239,1
2024-02-13,11664,2,2,2024,0,7457,98322,3
2024-02-14,8171,3,2,2024,0,11664,94870,1
2024-02-16,8917,5,2,2024,0,8171,70925,2
2024-02-17,11531,6,2,2024,1,8917,66042,2
2024-02-18,8150,7,2,2024,1,11531,68545,1
2024-02-19,6609,1,2,2024,0,8150,62499,1
2024-02-21,9791,3,2,2024,0,6609,64833,2
2024-02-22,7344,4,2,2024,0,9791,60513,4
2024-02-23,22464,5,2,2024,0,7344,74806,4
2024-02-24,9792,6,2,2024,1,22464,75681,3
2024-02-25,2047,7,2,2024,1,9792,66197,1
2024-02-26,9919,1,2,2024,0,2047,67966,2
2024-02-27,8633,2,2,2024,0,9919,69990,2
2024-02-28,15707,3,2,2024,0,8633,75906,3
2024-03-01,15017,5,3,2024,0,15707,83579,4
2024-03-02,27763,6,3,2024,1,15017,88878,5
2024-03-03,5171,7,3,2024,1,27763,84257,1
2024-03-04,8247,1,3,2024,0,5171,90457,3
2024-03-05,12164,2,3,2024,0,8247,92702,2
2024-03-06,21392,3,3,2024,0,12164,105461,7
2024-03-07,9838,4,3,2024,0,21392,99592,3
2024-03-08,10209,5,3,2024,0,9838,94784,4
2024-03-09,7637,6,3,2024,1,10209,74658,2
2024-03-10,5046,7,3,2024,1,7637,74533,1
2024-03-12,19965,2,3,2024,0,5046,86251,4
2024-03-13,65584,3,3,2024,0,19965,139671,9
2024-03-14,3597,4,3,2024,0,65584,121876,2
2024-03-15,20361,5,3,2024,0,3597,132399,4
2024-03-16,17004,6,3,2024,1,20361,139194,3
2024-03-17,16955,7,3,2024,1,17004,148512,4
2024-03-18,8501,1,3,2024,0,16955,151967,2
2024-03-19,11711,2,3,2024,0,8501,143713,2
2024-03-20,32061,3,3,2024,0,11711,110190,5
2024-03-21,25967,4,3,2024,0,32061,132560,5
2024-03-22,15127,5,3,2024,0,25967,127326,2
2024-03-23,18589,6,3,2024,1,15127,128911,3
2024-03-24,45393,7,3,2024,1,18589,157349,7
2024-03-25,7625,1,3,2024,0,45393,156473,3
2024-03-26,18392,2,3,2024,0,7625,163154,3
2024-03-28,33822,4,3,2024,0,18392,164915,8
2024-03-30,8780,6,3,2024,1,33822,147728,2
2024-03-31,10010,7,3,2024,1,8780,142611,2
2024-04-01,12284,1,4,2024,0,10010,136306,3
2024-04-02,6365,2,4,2024,0,12284,97278,2
2024-04-03,2756,3,4,2024,0,6365,92409,3
2024-04-04,9621,4,4,2024,0,2756,83638,3
2024-04-05,54032,5,4,2024,0,9621,103848,13
2024-04-06,14054,6,4,2024,1,54032,109122,4
2024-04-08,7668,1,4,2024,0,14054,106780,2
2024-04-09,16081,2,4,2024,0,7668,110577,4
2024-04-10,13156,3,4,2024,0,16081,117368,3
2024-04-11,26508,4,4,2024,0,13156,141120,5
2024-04-12,27400,5,4,2024,0,26508,158899,5
2024-04-13,37633,6,4,2024,1,27400,142500,6
2024-04-14,12484,7,4,2024,1,37633,140930,3
2024-04-15,14136,1,4,2024,0,12484,147398,2
2024-04-16,28069,2,4,2024,0,14136,159386,5
2024-04-17,12893,3,4,2024,0,28069,159123,3
2024-04-19,30242,5,4,2024,0,12893,162857,5
2024-04-20,36114,6,4,2024,1,30242,171571,6
2024-04-21,26841,7,4,2024,1,36114,160779,5
2024-04-22,9072,1,4,2024,0,26841,157367,2
2024-04-23,1655,2,4,2024,0,9072,144886,1
2024-04-24,13774,3,4,2024,0,1655,130591,2
2024-04-25,20852,4,4,2024,0,13774,138550,6
2024-04-26,19000,5,4,2024,0,20852,127308,5
2024-04-27,25595,6,4,2024,1,19000,116789,7
2024-04-28,4361,7,4,2024,1,25595,94309,4
2024-04-29,2101,1,4,2024,0,4361,87338,1
2024-04-30,14301,2,4,2024,0,2101,99984,2
2024-05-01,12003,3,5,2024,0,14301,98213,3
2024-05-02,20275,4,5,2024,0,12003,97636,7
2024-05-03,32009,5,5,2024,0,20275,110645,6
2024-05-04,26331,6,5,2024,1,32009,111381,6
2024-05-05,8359,7,5,2024,1,26331,115379,3
2024-05-06,18340,1,5,2024,0,8359,131618,4
2024-05-07,22675,2,5,2024,0,18340,139992,3
2024-05-08,9275,3,5,2024,0,22675,137264,2
2024-05-09,9997,4,5,2024,0,9275,126986,2
2024-05-10,7095,5,5,2024,0,9997,102072,5
2024-05-11,43038,6,5,2024,1,7095,118779,9
2024-05-12,21046,7,5,2024,1,43038,131466,6
2024-05-14,1111,2,5,2024,0,21046,114237,2
2024-05-15,4317,3,5,2024,0,1111,95879,1
2024-05-16,33362,4,5,2024,0,4317,119966,4
2024-05-17,38810,5,5,2024,0,33362,148779,8
2024-05-18,42887,6,5,2024,1,38810,184571,9
2024-05-19,42378,7,5,2024,1,42887,183911,8
2024-05-20,2415,1,5,2024,0,42378,165280,2
2024-05-21,39585,2,5,2024,0,2415,203754,8
2024-05-22,14490,3,5,2024,0,39585,213927,4
2024-05-23,6064,4,5,2024,0,14490,186629,1
2024-05-24,35586,5,5,2024,0,6064,183405,6
2024-05-25,31144,6,5,2024,1,35586,171662,7
2024-05-26,43240,7,5,2024,1,31144,172524,8
2024-05-27,21710,1,5,2024,0,43240,191819,4
2024-05-28,10710,2,5,2024,0,21710,162944,5
2024-05-29,25233,3,5,2024,0,10710,173687,6
2024-05-30,18673,4,5,2024,0,25233,186296,4
2024-05-31,40113,5,5,2024,0,18673,190823,8
2024-06-01,34528,6,6,2024,1,40113,194207,8
2024-06-02,7779,7,6,2024,1,34528,158746,1
2024-06-03,26969,1,6,2024,0,7779,164005,5
2024-06-04,18929,2,6,2024,0,26969,172224,3
2024-06-05,26691,3,6,2024,0,18929,173682,5
2024-06-06,13223,4,6,2024,0,26691,168232,4
2024-06-07,53173,5,6,2024,0,13223,181292,12
2024-06-08,49707,6,6,2024,1,53173,196471,9
2024-06-09,19698,7,6,2024,1,49707,208390,4
2024-06-10,13129,1,6,2024,0,19698,194550,4
2024-06-11,15727,2,6,2024,0,13129,191348,6
2024-06-12,16749,3,6,2024,0,15727,181406,5
2024-06-13,26551,4,6,2024,0,16749,194734,5
2024-06-14,22739,5,6,2024,0,26551,164300,5
2024-06-15,37719,6,6,2024,1,22739,152312,6
2024-06-16,22192,7,6,2024,1,37719,154806,5
2024-06-17,46459,1,6,2024,0,22192,188136,9
2024-06-18,21240,2,6,2024,0,46459,193649,7
2024-06-19,30816,3,6,2024,0,21240,207716,6
2024-06-20,41406,4,6,2024,0,30816,222571,7
2024-06-21,31056,5,6,2024,0,41406,230888,5
2024-06-22,52589,6,6,2024,1,31056,245758,12
2024-06-23,22199,7,6,2024,1,52589,245765,6
2024-06-24,27942,1,6,2024,0,22199,227248,8
2024-06-25,50210,2,6,2024,0,27942,256218,10
2024-06-26,1405,3,6,2024,0,50210,226807,1
2024-06-27,35459,4,6,2024,0,1405,220860,8
2024-06-28,20935,5,6,2024,0,35459,210739,6
2024-06-29,43595,6,6,2024,1,20935,201745,10
2024-06-30,31670,7,6,2024,1,43595,211216,7
2024-07-01,13129,1,7,2024,0,31670,196403,3
2024-07-02,25163,2,7,2024,0,13129,171356,6
2024-07-03,32998,3,7,2024,0,25163,202949,7
2024-07-04,30715,4,7,2024,0,32998,198205,8
2024-07-05,23911,5,7,2024,0,30715,201181,5
2024-07-06,55374,6,7,2024,1,23911,212960,10
2024-07-07,7115,7,7,2024,1,55374,188405,3
2024-07-08,30943,1,7,2024,0,7115,206219,8
2024-07-09,20776,2,7,2024,0,30943,201832,5
2024-07-10,3261,3,7,2024,0,20776,172095,1
2024-07-11,23264,4,7,2024,0,3261,164644,7
2024-07-12,47860,5,7,2024,0,23264,188593,10
2024-07-13,58528,6,7,2024,1,47860,191747,14
2024-07-15,19254,1,7,2024,0,58528,203886,4
2024-07-16,4559,2,7,2024,0,19254,177502,2
2024-07-17,21852,3,7,2024,0,4559,178578,4
2024-07-18,8284,4,7,2024,0,21852,183601,3
2024-07-19,6756,5,7,2024,0,8284,167093,2
2024-07-20,22348,6,7,2024,1,6756,141581,6
2024-07-21,24679,7,7,2024,1,22348,107732,6
2024-07-22,21176,1,7,2024,0,24679,109654,3
2024-07-23,17275,2,7,2024,0,21176,122370,3
2024-07-24,12493,3,7,2024,0,17275,113011,2
2024-07-25,46879,4,7,2024,0,12493,151606,10
2024-07-26,51005,5,7,2024,0,46879,195855,10
2024-07-27,33776,6,7,2024,1,51005,207283,9
2024-07-28,21365,7,7,2024,1,33776,203969,5
2024-07-29,11443,1,7,2024,0,21365,194236,3
2024-07-30,17652,2,7,2024,0,11443,194613,4
2024-07-31,6946,3,7,2024,0,17652,189066,2
2024-08-01,6255,4,8,2024,0,6946,148442,1
2024-08-02,16524,5,8,2024,0,6255,113961,4
2024-08-03,33187,6,8,2024,1,16524,113372,6
2024-08-04,26283,7,8,2024,1,33187,118290,7
2024-08-05,10055,1,8,2024,0,26283,116902,2
2024-08-06,8318,2,8,2024,0,10055,107568,3
2024-08-07,26581,3,8,2024,0,8318,127203,5
2024-08-09,20805,5,8,2024,0,26581,141753,4
2024-08-10,17434,6,8,2024,1,20805,142663,4
2024-08-11,35765,7,8,2024,1,17434,145241,6
2024-08-12,16100,1,8,2024,0,35765,135058,2
2024-08-13,24504,2,8,2024,0,16100,149507,5
2024-08-14,23422,3,8,2024,0,24504,164611,4
2024-08-15,37051,4,8,2024,0,23422,175081,7
2024-08-16,32158,5,8,2024,0,37051,186434,6
2024-08-17,19631,6,8,2024,1,32158,188631,5
2024-08-18,16577,7,8,2024,1,19631,169443,2
2024-08-19,19722,1,8,2024,0,16577,173065,5
2024-08-20,9057,2,8,2024,0,19722,157618,2
2024-08-21,25698,3,8,2024,0,9057,159894,6
2024-08-22,21964,4,8,2024,0,25698,144807,4
2024-08-23,14092,5,8,2024,0,21964,126741,3
2024-08-24,48117,6,8,2024,1,14092,155227,10
2024-08-25,20915,7,8,2024,1,48117,159565,4
2024-08-26,7390,1,8,2024,0,20915,147233,3
2024-08-27,9258,2,8,2024,0,7390,147434,2
2024-08-28,12533,3,8,2024,0,9258,134269,2
2024-08-29,5094,4,8,2024,0,12533,117399,1
2024-08-30,15128,5,8,2024,0,5094,118435,5
2024-08-31,6876,6,8,2024,1,15128,77194,2
2024-09-01,34887,7,9,2024,1,6876,91166,8
2024-09-02,21688,1,9,2024,0,34887,105464,4
2024-09-03,8719,2,9,2024,0,21688,104925,1
2024-09-04,13720,3,9,2024,0,8719,106112,2
2024-09-05,9469,4,9,2024,0,13720,110487,2
2024-09-06,13149,5,9,2024,0,9469,108508,2
2024-09-07,26724,6,9,2024,1,13149,128356,5
2024-09-08,13746,7,9,2024,1,26724,107215,2
2024-09-09,16742,1,9,2024,0,13746,102269,3
2024-09-10,16677,2,9,2024,0,16742,110227,3
2024-09-11,38115,3,9,2024,0,16677,134622,6
2024-09-12,34817,4,9,2024,0,38115,159970,6
2024-09-13,14176,5,9,2024,0,34817,160997,2
2024-09-14,19111,6,9,2024,1,14176,153384,5
2024-09-15,15692,7,9,2024,1,19111,155330,3
2024-09-16,7576,1,9,2024,0,15692,146164,1
2024-09-17,12533,2,9,2024,0,7576,142020,2
2024-09-18,9418,3,9,2024,0,12533,113323,2
2024-09-19,11240,4,9,2024,0,9418,89746,2
2024-09-20,9963,5,9,2024,0,11240,85533,3
2024-09-21,17392,6,9,2024,1,9963,83814,4
2024-09-22,15725,7,9,2024,1,17392,83847,5
2024-09-25,21827,3,9,2024,0,15725,98098,3
2024-09-26,8051,4,9,2024,0,21827,93616,2
2024-09-27,29729,5,9,2024,0,8051,113927,8
2024-09-28,8821,6,9,2024,1,29729,111508,2
2024-09-29,24808,7,9,2024,1,8821,126353,5
2024-09-30,15324,1,9,2024,0,24808,124285,4
2024-10-01,20802,2,10,2024,0,15324,129362,4
2024-10-02,14457,3,10,2024,0,20802,121992,3
2024-10-03,5750,4,10,2024,0,14457,119691,2
2024-10-04,10773,5,10,2024,0,5750,100735,3
2024-10-05,30980,6,10,2024,1,10773,122894,7
2024-10-06,20891,7,10,2024,1,30980,118977,6
2024-10-07,8783,1,10,2024,0,20891,112436,2
2024-10-08,11300,2,10,2024,0,8783,102934,4
2024-10-09,5828,3,10,2024,0,11300,94305,3
2024-10-10,20955,4,10,2024,0,5828,109510,3
2024-10-11,33108,5,10,2024,0,20955,131845,8
2024-10-12,47671,6,10,2024,1,33108,148536,8
2024-10-13,24320,7,10,2024,1,47671,151965,4
2024-10-14,15582,1,10,2024,0,24320,158764,4
2024-10-15,6545,2,10,2024,0,15582,154009,1
2024-10-16,21841,3,10,2024,0,6545,170022,5
2024-10-17,26475,4,10,2024,0,21841,175542,4
2024-10-18,19915,5,10,2024,0,26475,162349,3
2024-10-19,9592,6,10,2024,1,19915,124270,3
2024-10-20,36066,7,10,2024,1,9592,136016,6
2024-10-21,13174,1,10,2024,0,36066,133608,2
2024-10-22,35822,2,10,2024,0,13174,162885,6
2024-10-23,16593,3,10,2024,0,35822,157637,3
2024-10-24,33479,4,10,2024,0,16593,164641,5
2024-10-25,17620,5,10,2024,0,33479,162346,7
2024-10-26,28655,6,10,2024,1,17620,181409,5
2024-10-27,33158,7,10,2024,1,28655,178501,8
2024-10-28,34326,1,10,2024,0,33158,199653,6
2024-10-29,18751,2,10,2024,0,34326,182582,4
2024-10-30,6441,3,10,2024,0,18751,172430,1
2024-10-31,26915,4,10,2024,0,6441,165866,6
2024-11-01,20321,5,11,2024,0,26915,168567,6
2024-11-02,52834,6,11,2024,1,20321,192746,12
2024-11-03,16198,7,11,2024,1,52834,175786,5
2024-11-04,12403,1,11,2024,0,16198,153863,3
2024-11-05,11972,2,11,2024,0,12403,147084,3
2024-11-06,12273,3,11,2024,0,11972,152916,3
2024-11-07,13649,4,11,2024,0,12273,139650,5
2024-11-08,41377,5,11,2024,0,13649,160706,9
2024-11-09,19444,6,11,2024,1,41377,127316,4
2024-11-10,35446,7,11,2024,1,19444,146564,10
2024-11-11,4010,1,11,2024,0,35446,138171,3
2024-11-12,21316,2,11,2024,0,4010,147515,6
2024-11-13,48849,3,11,2024,0,21316,184091,9
2024-11-14,16663,4,11,2024,0,48849,187105,4
2024-11-15,37194,5,11,2024,0,16663,182922,8
2024-11-16,80068,6,11,2024,1,37194,243546,14
2024-11-17,55085,7,11,2024,1,80068,263185,10
2024-11-18,19391,1,11,2024,0,55085,278566,6
2024-11-19,23133,2,11,2024,0,19391,280383,6
2024-11-20,10432,3,11,2024,0,23133,241966,3
2024-11-21,17380,4,11,2024,0,10432,242683,3
2024-11-22,24974,5,11,2024,0,17380,230463,4
2024-11-23,38696,6,11,2024,1,24974,189091,9
2024-11-24,49958,7,11,2024,1,38696,183964,8
2024-11-25,19380,1,11,2024,0,49958,183953,5
2024-11-26,2836,2,11,2024,0,19380,163656,1
2024-11-27,52677,3,11,2024,0,2836,205901,11
2024-11-28,44890,4,11,2024,0,52677,233411,8
2024-11-29,32205,5,11,2024,0,44890,240642,9
2024-11-30,29007,6,11,2024,1,32205,230953,6
2024-12-01,54828,7,12,2024,1,29007,235823,12
2024-12-02,14139,1,12,2024,0,54828,230582,2
2024-12-03,38505,2,12,2024,0,14139,266251,9
2024-12-04,18769,3,12,2024,0,38505,232343,4
2024-12-05,29883,4,12,2024,0,18769,217336,8
2024-12-06,42857,5,12,2024,0,29883,227988,7
2024-12-07,98185,6,12,2024,1,42857,297166,18
2024-12-08,55385,7,12,2024,1,98185,297723,11
2024-12-09,12542,1,12,2024,0,55385,296126,5
2024-12-10,28033,2,12,2024,0,12542,285654,5
2024-12-11,11898,3,12,2024,0,28033,278783,4
2024-12-12,64295,4,12,2024,0,11898,313195,12
2024-12-13,58725,5,12,2024,0,64295,329063,15
2024-12-14,68156,6,12,2024,1,58725,299034,14
2024-12-15,39066,7,12,2024,1,68156,282715,8
2024-12-16,9315,1,12,2024,0,39066,279488,3
2024-12-17,8575,2,12,2024,0,9315,260030,2
2024-12-18,15602,3,12,2024,0,8575,263734,5
2024-12-19,34045,4,12,2024,0,15602,233484,9
2024-12-20,60913,5,12,2024,0,34045,235672,14
2024-12-21,74180,6,12,2024,1,60913,241696,11
2024-12-22,26819,7,12,2024,1,74180,229449,6
2024-12-23,39124,1,12,2024,0,26819,259258,7
2024-12-24,16960,2,12,2024,0,39124,267643,3
2024-12-25,37762,3,12,2024,0,16960,289803,9
2024-12-26,34651,4,12,2024,0,37762,290409,8
2024-12-27,66768,5,12,2024,0,34651,296264,15
2024-12-28,22840,6,12,2024,1,66768,244924,7
2024-12-29,49837,7,12,2024,1,22840,267942,12
2024-12-30,19910,1,12,2024,0,49837,248728,5
2024-12-31,21216,2,12,2024,0,19910,252984,6
2025-01-02,4030,4,1,2025,0,21216,219252,1
2025-01-03,20239,5,1,2025,0,4030,204840,3
2025-01-04,28315,6,1,2025,1,20239,166387,4
2025-01-05,31739,7,1,2025,1,28315,175286,8
2025-01-06,901,1,1,2025,0,31739,126350,1
2025-01-07,12803,2,1,2025,0,901,119243,3
2025-01-08,3860,3,1,2025,0,12803,101887,1
2025-01-09,32550,4,1,2025,0,3860,130407,5
2025-01-10,11247,5,1,2025,0,32550,121415,5
2025-01-11,14129,6,1,2025,1,11247,107229,3
2025-01-12,11187,7,1,2025,1,14129,86677,3
2025-01-13,12898,1,1,2025,0,11187,98674,3
2025-01-14,10870,2,1,2025,0,12898,96741,3
2025-01-15,37613,3,1,2025,0,10870,130494,7
2025-01-16,922,4,1,2025,0,37613,98866,1
2025-01-17,27483,5,1,2025,0,922,115102,6
2025-01-18,14472,6,1,2025,1,27483,115445,4
2025-01-19,6609,7,1,2025,1,14472,110867,2
2025-01-20,26059,1,1,2025,0,6609,124028,5
2025-01-21,3566,2,1,2025,0,26059,116724,1
2025-01-23,14098,4,1,2025,0,3566,93209,3
2025-01-24,16502,5,1,2025,0,14098,108789,4
2025-01-25,35054,6,1,2025,1,16502,116360,8
2025-01-26,11101,7,1,2025,1,35054,112989,4
2025-01-27,7247,1,1,2025,0,11101,113627,2
2025-01-28,13258,2,1,2025,0,7247,100826,5
2025-01-29,8233,3,1,2025,0,13258,105493,2
2025-01-30,4718,4,1,2025,0,8233,96113,2
2025-01-31,15637,5,1,2025,0,4718,95248,3
2025-02-01,3857,6,2,2025,1,15637,64051,1
2025-02-02,22467,7,2,2025,1,3857,75417,4
2025-02-03,6583,1,2,2025,0,22467,74753,1
2025-02-04,20313,2,2,2025,0,6583,81808,3
2025-02-05,14359,3,2,2025,0,20313,87934,4
2025-02-06,5780,4,2,2025,0,14359,88996,1
2025-02-07,36273,5,2,2025,0,5780,109632,6
2025-02-08,35048,6,2,2025,1,36273,140823,7
2025-02-09,27244,7,2,2025,1,35048,145600,4
2025-02-10,21237,1,2,2025,0,27244,160254,4
2025-02-11,14042,2,2,2025,0,21237,153983,3
2025-02-12,3888,3,2,2025,0,14042,143512,1
2025-02-13,7792,4,2,2025,0,3888,145524,3
2025-02-14,5331,5,2,2025,0,7792,114582,3
2025-02-15,24708,6,2,2025,1,5331,104242,6
2025-02-16,18434,7,2,2025,1,24708,95432,4
2025-02-17,6961,1,2,2025,0,18434,81156,1
2025-02-18,5262,2,2,2025,0,6961,72376,1
2025-02-19,34143,3,2,2025,0,5262,102631,5
2025-02-20,10610,4,2,2025,0,34143,105449,2
2025-02-21,21588,5,2,2025,0,10610,121706,4
2025-02-22,28387,6,2,2025,1,21588,125385,4
2025-02-23,19799,7,2,2025,1,28387,126750,4
2025-02-24,15517,1,2,2025,0,19799,135306,3
2025-02-25,8298,2,2,2025,0,15517,138342,1
2025-02-27,21772,4,2,2025,0,8298,125971,4
2025-02-28,20637,5,2,2025,0,21772,135998,4
2025-03-01,40054,6,3,2025,1,20637,154464,8
2025-03-02,27753,7,3,2025,1,40054,153830,6
2025-03-03,14923,1,3,2025,0,27753,148954,3
2025-03-04,19243,2,3,2025,0,14923,152680,4
2025-03-05,6206,3,3,2025,0,19243,150588,1
2025-03-06,36826,4,3,2025,0,6206,165642,9
2025-03-07,42251,5,3,2025,0,36826,187256,8
2025-03-08,24801,6,3,2025,1,42251,172003,5
2025-03-09,30301,7,3,2025,1,24801,174551,5
2025-03-10,30303,1,3,2025,0,30301,189931,6
2025-03-11,26334,2,3,2025,0,30303,197022,6
2025-03-12,17272,3,3,2025,0,26334,208088,5
2025-03-13,24746,4,3,2025,0,17272,196008,5
2025-03-14,33750,5,3,2025,0,24746,187507,7
2025-03-15,32591,6,3,2025,1,33750,195297,6
2025-03-16,32508,7,3,2025,1,32591,197504,7
2025-03-17,32964,1,3,2025,0,32508,200165,6
2025-03-18,32514,2,3,2025,0,32964,206345,6
2025-03-20,22206,4,3,2025,0,32514,211279,4
2025-03-21,39370,5,3,2025,0,22206,225903,8
2025-03-22,11544,6,3,2025,1,39370,203697,3
2025-03-23,13998,7,3,2025,1,11544,185104,4
2025-03-24,10597,1,3,2025,0,13998,163193,4
2025-03-25,34087,2,3,2025,0,10597,164316,7
2025-03-26,36219,3,3,2025,0,34087,168021,7
2025-03-27,26583,4,3,2025,0,36219,172398,7
2025-03-28,25120,5,3,2025,0,26583,158148,7
2025-03-29,1771,6,3,2025,1,25120,148375,2
2025-03-30,22857,7,3,2025,1,1771,157234,4
2025-03-31,13494,1,3,2025,0,22857,160131,2
2025-04-01,16368,2,4,2025,0,13494,142412,4
2025-04-02,8510,3,4,2025,0,16368,114703,2
2025-04-03,40317,4,4,2025,0,8510,128437,8
2025-04-04,44524,5,4,2025,0,40317,147841,12
2025-04-05,24322,6,4,2025,1,44524,170392,6
2025-04-06,42497,7,4,2025,1,24322,190032,9
2025-04-07,8137,1,4,2025,0,42497,184675,4
2025-04-08,11750,2,4,2025,0,8137,180057,3
2025-04-09,31044,3,4,2025,0,11750,202591,6
2025-04-10,35793,4,4,2025,0,31044,198067,7
2025-04-11,46087,5,4,2025,0,35793,199630,8
2025-04-12,55361,6,4,2025,1,46087,230669,11
2025-04-13,23100,7,4,2025,1,55361,211272,5
2025-04-14,14329,1,4,2025,0,23100,217464,4
2025-04-15,3244,2,4,2025,0,14329,208958,1
2025-04-16,15323,3,4,2025,0,3244,193237,3
2025-04-17,13187,4,4,2025,0,15323,170631,3
2025-04-18,35172,5,4,2025,0,13187,159716,7
2025-04-19,49116,6,4,2025,1,35172,153471,10
2025-04-20,29851,7,4,2025,1,49116,160222,7
2025-04-21,6612,1,4,2025,0,29851,152505,1
2025-04-22,20869,2,4,2025,0,6612,170130,6
2025-04-23,3111,3,4,2025,0,20869,157918,1
2025-04-25,59423,5,4,2025,0,3111,204154,10
2025-04-26,11907,6,4,2025,1,59423,180889,4
2025-04-27,60552,7,4,2025,1,11907,192325,12
2025-04-28,51160,1,4,2025,0,60552,213634,11
2025-04-29,21006,2,4,2025,0,51160,228028,3
2025-04-30,36161,3,4,2025,0,21006,243320,5
2025-05-01,37560,4,5,2025,0,36161,277769,8
2025-05-02,48384,5,5,2025,0,37560,266730,9
2025-05-03,41586,6,5,2025,1,48384,296409,10
2025-05-04,39694,7,5,2025,1,41586,275551,7
2025-05-05,28104,1,5,2025,0,39694,252495,5
2025-05-06,33243,2,5,2025,0,28104,264732,7
2025-05-07,19592,3,5,2025,0,33243,248163,3
2025-05-08,18373,4,5,2025,0,19592,228976,4
2025-05-09,22495,5,5,2025,0,18373,203087,4
2025-05-10,53259,6,5,2025,1,22495,214760,10
2025-05-11,62916,7,5,2025,1,53259,237982,14
2025-05-12,28504,1,5,2025,0,62916,238382,8
2025-05-13,11547,2,5,2025,0,28504,216686,3
2025-05-14,40882,3,5,2025,0,11547,237976,6
2025-05-15,35626,4,5,2025,0,40882,255229,6
2025-05-16,26673,5,5,2025,0,35626,259407,5
2025-05-17,54732,6,5,2025,1,26673,260880,11
2025-05-18,63957,7,5,2025,1,54732,261921,13
2025-05-19,23700,1,5,2025,0,63957,257117,6
2025-05-20,14540,2,5,2025,0,23700,260110,3
2025-05-21,42712,3,5,2025,0,14540,261940,10
2025-05-22,44452,4,5,2025,0,42712,270766,9
2025-05-23,37347,5,5,2025,0,44452,281440,9
2025-05-24,33878,6,5,2025,1,37347,260586,7
2025-05-25,28193,7,5,2025,1,33878,224822,6
2025-05-26,33984,1,5,2025,0,28193,235106,7
2025-05-27,30662,2,5,2025,0,33984,251228,6
2025-05-28,22297,3,5,2025,0,30662,230813,5
2025-05-29,10421,4,5,2025,0,22297,196782,3
2025-05-30,40490,5,5,2025,0,10421,199925,8
2025-05-31,53399,6,5,2025,1,40490,219446,12
2025-06-01,55711,7,6,2025,1,53399,246964,11
2025-06-02,20963,1,6,2025,0,55711,233943,4
2025-06-03,25480,2,6,2025,0,20963,228761,5
2025-06-04,45521,3,6,2025,0,25480,251985,7
2025-06-05,41315,4,6,2025,0,45521,282879,11
2025-06-06,82932,5,6,2025,0,41315,325321,14
2025-06-07,35318,6,6,2025,1,82932,307240,10
2025-06-08,53228,7,6,2025,1,35318,304757,12
2025-06-09,8988,1,6,2025,0,53228,292782,3
2025-06-10,39599,2,6,2025,0,8988,306901,8
2025-06-11,18323,3,6,2025,0,39599,279703,5
2025-06-12,22886,4,6,2025,0,18323,261274,5
2025-06-13,49117,5,6,2025,0,22886,227459,11
2025-06-14,48578,6,6,2025,1,49117,240719,10
2025-06-15,30234,7,6,2025,1,48578,217725,6
2025-06-16,29388,1,6,2025,0,30234,238125,5
2025-06-17,44352,2,6,2025,0,29388,242878,10
2025-06-18,12969,3,6,2025,0,44352,237524,4
2025-06-19,43319,4,6,2025,0,12969,257957,9
2025-06-20,62045,5,6,2025,0,43319,270885,14
2025-06-21,33384,6,6,2025,1,62045,255691,7
2025-06-22,45527,7,6,2025,1,33384,270984,7
2025-06-23,27355,1,6,2025,0,45527,268951,6
2025-06-24,21349,2,6,2025,0,27355,245948,8
2025-06-25,17840,3,6,2025,0,21349,250819,6
2025-06-26,32134,4,6,2025,0,17840,239634,10
2025-06-27,55560,5,6,2025,0,32134,233149,11
2025-06-28,58955,6,6,2025,1,55560,258720,13
2025-06-29,13160,7,6,2025,1,58955,226353,3
2025-06-30,25037,1,6,2025,0,13160,224035,5
2025-07-01,33196,2,7,2025,0,25037,235882,8
2025-07-02,30054,3,7,2025,0,33196,248096,6
2025-07-03,11784,4,7,2025,0,30054,227746,4
2025-07-04,82065,5,7,2025,0,11784,254251,18
2025-07-05,43533,6,7,2025,1,82065,238829,13
2025-07-06,5560,7,7,2025,1,43533,231229,3
2025-07-07,45001,1,7,2025,0,5560,251193,7
2025-07-08,21881,2,7,2025,0,45001,239878,6
2025-07-09,46188,3,7,2025,0,21881,256012,8
2025-07-10,25263,4,7,2025,0,46188,269491,5
2025-07-11,44375,5,7,2025,0,25263,231801,9
2025-07-12,54066,6,7,2025,1,44375,242334,12
2025-07-13,61655,7,7,2025,1,54066,298429,9
2025-07-14,16137,1,7,2025,0,61655,269565,4
2025-07-15,31064,2,7,2025,0,16137,278748,7
2025-07-16,2623,3,7,2025,0,31064,235183,2
2025-07-17,9449,4,7,2025,0,2623,219369,6
2025-07-18,48452,5,7,2025,0,9449,223446,12
2025-07-19,56133,6,7,2025,1,48452,225513,12
2025-07-20,55671,7,7,2025,1,56133,219529,14
2025-07-21,25549,1,7,2025,0,55671,228941,7
2025-07-22,36888,2,7,2025,0,25549,234765,9
2025-07-23,13267,3,7,2025,0,36888,245409,5
2025-07-24,30859,4,7,2025,0,13267,266819,6
2025-07-25,47003,5,7,2025,0,30859,265370,12
2025-07-26,77177,6,7,2025,1,47003,286414,16
2025-07-27,19698,7,7,2025,1,77177,250441,3
2025-07-28,33622,1,7,2025,0,19698,258514,6
2025-07-29,27020,2,7,2025,0,33622,248646,6
2025-07-30,39743,3,7,2025,0,27020,275122,7
2025-07-31,9235,4,7,2025,0,39743,253498,4
2025-08-01,18202,5,8,2025,0,9235,224697,4
2025-08-02,22173,6,8,2025,1,18202,169693,5
2025-08-03,28007,7,8,2025,1,22173,178002,6
2025-08-04,27663,1,8,2025,0,28007,172043,4
2025-08-05,27562,2,8,2025,0,27663,172585,5
2025-08-06,23015,3,8,2025,0,27562,155857,6
2025-08-07,13261,4,8,2025,0,23015,159883,5
2025-08-08,47800,5,8,2025,0,13261,189481,10
2025-08-09,23233,6,8,2025,1,47800,190541,5
2025-08-10,36424,7,8,2025,1,23233,198958,8
2025-08-11,8708,1,8,2025,0,36424,180003,2
2025-08-12,20332,2,8,2025,0,8708,172773,5
2025-08-13,9470,3,8,2025,0,20332,159228,2
2025-08-14,32165,4,8,2025,0,9470,178132,6
2025-08-15,5151,5,8,2025,0,32165,135483,2
2025-08-16,5963,6,8,2025,1,5151,118213,3
2025-08-17,28674,7,8,2025,1,5963,110463,6
2025-08-18,19469,1,8,2025,0,28674,121224,4
2025-08-19,21864,2,8,2025,0,19469,122756,5
2025-08-20,8195,3,8,2025,0,21864,121481,5
2025-08-21,33810,4,8,2025,0,8195,123126,7
2025-08-22,16673,5,8,2025,0,33810,134648,3
2025-08-23,35198,6,8,2025,1,16673,163883,6
2025-08-24,22414,7,8,2025,1,35198,157623,5
2025-08-25,37067,1,8,2025,0,22414,175221,7
2025-08-26,14407,2,8,2025,0,37067,167764,2
2025-08-27,22744,3,8,2025,0,14407,182313,3
2025-08-28,26152,4,8,2025,0,22744,174655,5
2025-08-29,19669,5,8,2025,0,26152,177651,4
2025-08-30,13790,6,8,2025,1,19669,156243,2
2025-08-31,8847,7,8,2025,1,13790,142676,4
2025-09-01,21225,1,9,2025,0,8847,126834,4
2025-09-02,4753,2,9,2025,0,21225,117180,2
2025-09-03,29268,3,9,2025,0,4753,123704,7
2025-09-04,18042,4,9,2025,0,29268,115594,5
2025-09-05,40686,5,9,2025,0,18042,136611,8
2025-09-06,27009,6,9,2025,1,40686,149830,6
2025-09-07,38808,7,9,2025,1,27009,179791,6
2025-09-08,4885,1,9,2025,0,38808,163451,2
2025-09-09,8068,2,9,2025,0,4885,166766,2
2025-09-10,11148,3,9,2025,0,8068,148646,3
2025-09-11,31704,4,9,2025,0,11148,162308,6
2025-09-12,48770,5,9,2025,0,31704,170392,11
2025-09-13,35296,6,9,2025,1,48770,178679,10
2025-09-14,23291,7,9,2025,1,35296,163162,5
2025-09-15,10117,1,9,2025,0,23291,168394,2
2025-09-16,25841,2,9,2025,0,10117,186167,5
2025-09-17,12037,3,9,2025,0,25841,187056,3
2025-09-18,31792,4,9,2025,0,12037,187144,6
2025-09-19,29396,5,9,2025,0,31792,167770,6
2025-09-20,18166,6,9,2025,1,29396,150640,7
2025-09-21,31204,7,9,2025,1,18166,158553,5
2025-09-23,14790,2,9,2025,0,31204,163226,3
2025-09-24,26687,3,9,2025,0,14790,164072,6
2025-09-25,11896,4,9,2025,0,26687,163931,5
2025-09-26,30969,5,9,2025,0,11896,163108,6
2025-09-27,28781,6,9,2025,1,30969,162493,6
2025-09-28,26644,7,9,2025,1,28781,170971,6
2025-09-29,17103,1,9,2025,0,26644,156870,2
2025-09-30,21931,2,9,2025,0,17103,164011,3
2025-10-01,39298,3,10,2025,0,21931,176622,7
2025-10-02,23565,4,10,2025,0,39298,188291,5
2025-10-03,30576,5,10,2025,0,23565,187898,6
2025-10-04,45501,6,10,2025,1,30576,204618,11
2025-10-05,19649,7,10,2025,1,45501,197623,7
2025-10-06,16829,1,10,2025,0,19649,197349,4
2025-10-07,6751,2,10,2025,0,16829,182169,2
2025-10-08,26580,3,10,2025,0,6751,169451,5
2025-10-09,14489,4,10,2025,0,26580,160375,3
2025-10-10,33951,5,10,2025,0,14489,163750,7
2025-10-11,27022,6,10,2025,1,33951,145271,7
2025-10-12,21955,7,10,2025,1,27022,147577,4
2025-10-13,22139,1,10,2025,0,21955,152887,5
2025-10-14,12495,2,10,2025,0,22139,158631,5
2025-10-15,45244,3,10,2025,0,12495,177295,6
2025-10-16,40038,4,10,2025,0,45244,202844,6
2025-10-17,27111,5,10,2025,0,40038,196004,6
2025-10-18,58666,6,10,2025,1,27111,227648,11
2025-10-19,22857,7,10,2025,1,58666,228550,5
2025-10-20,13626,1,10,2025,0,22857,220037,2
2025-10-21,16944,2,10,2025,0,13626,224486,6
2025-10-22,56780,3,10,2025,0,16944,236022,10
2025-10-23,20109,4,10,2025,0,56780,216093,4
2025-10-24,49841,5,10,2025,0,20109,238823,10
2025-10-25,58357,6,10,2025,1,49841,238514,12
2025-10-26,23462,7,10,2025,1,58357,239119,6
2025-10-27,11563,1,10,2025,0,23462,237056,3
2025-10-28,17512,2,10,2025,0,11563,237624,3
2025-10-29,30302,3,10,2025,0,17512,211146,5
2025-10-30,23216,4,10,2025,0,30302,214253,7
2025-10-31,10451,5,10,2025,0,23216,174863,3
2025-11-01,30157,6,11,2025,1,10451,146663,8
2025-11-02,29059,7,11,2025,1,30157,152260,6
2025-11-03,17315,1,11,2025,0,29059,158012,6
2025-11-04,49438,2,11,2025,0,17315,189938,10
2025-11-05,38773,3,11,2025,0,49438,198409,7
2025-11-06,30643,4,11,2025,0,38773,205836,9
2025-11-07,80323,5,11,2025,0,30643,275708,15
2025-11-08,63109,6,11,2025,1,80323,308660,11
2025-11-09,57691,7,11,2025,1,63109,337292,10
2025-11-10,43734,1,11,2025,0,57691,363711,8
2025-11-11,15540,2,11,2025,0,43734,329813,6
2025-11-12,18664,3,11,2025,0,15540,309704,4
2025-11-13,50062,4,11,2025,0,18664,329123,9
2025-11-14,45490,5,11,2025,0,50062,294290,12
2025-11-15,52903,6,11,2025,1,45490,284084,11
2025-11-16,29153,7,11,2025,1,52903,255546,5
2025-11-17,47945,1,11,2025,0,29153,259757,10
2025-11-18,32482,2,11,2025,0,47945,276699,7
2025-11-19,25012,3,11,2025,0,32482,283047,6
2025-11-20,37218,4,11,2025,0,25012,270203,10
2025-11-21,83261,5,11,2025,0,37218,307974,17
2025-11-22,26584,6,11,2025,1,83261,281655,5
2025-11-23,56805,7,11,2025,1,26584,309307,12
2025-11-24,34143,1,11,2025,0,56805,295505,8
2025-11-25,61127,2,11,2025,0,34143,324150,12
2025-11-26,28113,3,11,2025,0,61127,327251,6
2025-11-27,37473,4,11,2025,0,28113,327506,9
2025-11-28,27625,5,11,2025,0,37473,271870,8
2025-11-29,54918,6,11,2025,1,27625,300204,11
2025-11-30,56773,7,11,2025,1,54918,300172,12
2025-12-01,19444,1,12,2025,0,56773,285473,6
2025-12-02,12437,2,12,2025,0,19444,236783,2
2025-12-03,49829,3,12,2025,0,12437,258499,8
2025-12-04,61620,4,12,2025,0,49829,282646,12
2025-12-05,95585,5,12,2025,0,61620,350606,19
2025-12-06,38781,6,12,2025,1,95585,334469,10
2025-12-07,62868,7,12,2025,1,38781,340564,12
2025-12-08,19907,1,12,2025,0,62868,341027,3
2025-12-09,24449,2,12,2025,0,19907,353039,7
2025-12-10,15375,3,12,2025,0,24449,318585,5
2025-12-11,55024,4,12,2025,0,15375,311989,12
2025-12-12,76345,5,12,2025,0,55024,292749,15
2025-12-13,86957,6,12,2025,1,76345,340925,16
2025-12-14,52967,7,12,2025,1,86957,331024,14
2025-12-15,2398,1,12,2025,0,52967,313515,1
2025-12-16,29637,2,12,2025,0,2398,318703,8
2025-12-17,72333,3,12,2025,0,29637,375661,11
2025-12-18,44921,4,12,2025,0,72333,365558,13
2025-12-19,83522,5,12,2025,0,44921,372735,20
2025-12-20,53080,6,12,2025,1,83522,338858,12
2025-12-21,64024,7,12,2025,1,53080,349915,15
2025-12-22,39562,1,12,2025,0,64024,387079,9
2025-12-23,28492,2,12,2025,0,39562,385934,6
2025-12-24,51160,3,12,2025,0,28492,364761,10
2025-12-25,97981,4,12,2025,0,51160,417821,17
2025-12-26,90734,5,12,2025,0,97981,425033,22
2025-12-27,46416,6,12,2025,1,90734,418369,13
2025-12-28,60280,7,12,2025,1,46416,414625,12
2025-12-29,21134,1,12,2025,0,60280,396197,6
2025-12-30,18476,2,12,2025,0,21134,386181,5
2025-12-31,23932,3,12,2025,0,18476,358953,6
