DWH_SK,DWH_DELTA_DATE,DWH_BATCH_DATETIME,DWH_BATCH_DATE,ID,RATING,COMMENT,USER_ID,PURCHASE_ITEM_ID,PRODUCT_ID,CREATED_DATE,UPDATED_DATE,GENERATED_DATETIME,GENERATED_DATE,DWH_IS_LATEST
16838804925594509514,2025-10-09 17:00:00,2025-10-09 17:00:00,2025-10-09,103,4,None value town institution smile law.,50,5311,117,2025-10-09 13:59:27.630219,2025-10-09 13:59:27.630229,2024-05-03 15:00:00,2024-05-03,1
2918658495438412763,2025-10-09 17:00:00,2025-10-09 17:00:00,2025-10-09,115,1,Move usually base public.,6,5323,129,2025-10-09 13:59:27.793967,2025-10-09 13:59:27.79398,2023-02-24 12:00:00,2023-02-24,1
10614068082740150846,2025-10-09 17:00:00,2025-10-09 17:00:00,2025-10-09,139,3,Teacher various book get.,4,5347,132,2025-10-09 13:59:28.131222,2025-10-09 13:59:28.131233,2025-07-26 09:00:00,2025-07-26,1
14656188134142901057,2025-10-09 17:00:00,2025-10-09 17:00:00,2025-10-09,140,1,So foot maintain.,5,5348,133,2025-10-09 13:59:28.14471,2025-10-09 13:59:28.144721,2025-12-04 06:00:00,2025-12-04,1
12171445668260813779,2025-10-09 17:00:00,2025-10-09 17:00:00,2025-10-09,73,4,Official decade task ground.,46,5281,129,2025-10-09 13:59:27.22196,2025-10-09 13:59:27.22197,2025-07-18 02:00:00,2025-07-18,1
4585287637041377086,2025-10-09 17:00:00,2025-10-09 17:00:00,2025-10-09,83,1,From main their.,56,5291,118,2025-10-09 13:59:27.352242,2025-10-09 13:59:27.352252,2024-06-23 19:00:00,2024-06-23,1
12443511520121663313,2025-10-09 17:00:00,2025-10-09 17:00:00,2025-10-09,116,2,Different child glass yard well week section general.,37,5324,130,2025-10-09 13:59:27.807895,2025-10-09 13:59:27.807906,2025-10-20 01:00:00,2025-10-20,1
8988373072129391578,2025-10-09 17:00:00,2025-10-09 17:00:00,2025-10-09,120,3,To study doctor thus end national.,41,5328,134,2025-10-09 13:59:27.858512,2025-10-09 13:59:27.858522,2023-12-12 00:00:00,2023-12-12,1
7334372760084637182,2025-10-09 17:00:00,2025-10-09 17:00:00,2025-10-09,130,2,Boy majority star involve up admit.,51,5338,123,2025-10-09 13:59:28.007931,2025-10-09 13:59:28.007942,2024-11-02 12:00:00,2024-11-02,1
2996405834268618023,2025-10-09 17:00:00,2025-10-09 17:00:00,2025-10-09,68,2,Other sit follow marriage.,41,5276,124,2025-10-09 13:59:27.156071,2025-10-09 13:59:27.156081,2024-06-07 01:00:00,2024-06-07,1
12742293167012175221,2025-10-09 17:00:00,2025-10-09 17:00:00,2025-10-09,70,1,Baby where soldier direction glass.,43,5278,126,2025-10-09 13:59:27.183008,2025-10-09 13:59:27.183018,2024-12-10 03:00:00,2024-12-10,1
20059651575666723,2025-10-09 17:00:00,2025-10-09 17:00:00,2025-10-09,99,2,Garden company federal degree.,46,5307,134,2025-10-09 13:59:27.578689,2025-10-09 13:59:27.5787,2024-10-12 19:00:00,2024-10-12,1
9215171697220026859,2025-10-09 17:00:00,2025-10-09 17:00:00,2025-10-09,101,3,Like hit manage without training.,48,5309,115,2025-10-09 13:59:27.604418,2025-10-09 13:59:27.604429,2025-12-29 13:00:00,2025-12-29,1
17007816188847468581,2025-10-09 17:00:00,2025-10-09 17:00:00,2025-10-09,157,3,As baby kitchen full figure speak.,52,5365,129,2025-10-09 13:59:28.366448,2025-10-09 13:59:28.366458,2025-08-07 06:00:00,2025-08-07,1
15905493810371433343,2025-10-09 17:00:00,2025-10-09 17:00:00,2025-10-09,60,2,Exist us build shoulder wear.,3,5268,116,2025-10-09 13:59:27.048715,2025-10-09 13:59:27.048725,2023-04-09 20:00:00,2023-04-09,1
832565562062721545,2025-10-09 17:00:00,2025-10-09 17:00:00,2025-10-09,62,2,Must decision natural voice.,5,5270,118,2025-10-09 13:59:27.078477,2025-10-09 13:59:27.078489,2023-08-25 20:00:00,2023-08-25,1
6404588952568950162,2025-10-09 17:00:00,2025-10-09 17:00:00,2025-10-09,85,5,They those green store.,2,5293,120,2025-10-09 13:59:27.377073,2025-10-09 13:59:27.377084,2023-11-10 00:00:00,2023-11-10,1
15959634410565667599,2025-10-09 17:00:00,2025-10-09 17:00:00,2025-10-09,104,4,Shake chair talk business where sister.,51,5312,118,2025-10-09 13:59:27.642913,2025-10-09 13:59:27.642923,2023-03-29 07:00:00,2023-03-29,1
6343225876309182802,2025-10-09 17:00:00,2025-10-09 17:00:00,2025-10-09,105,3,Picture site involve.,52,5313,119,2025-10-09 13:59:27.658713,2025-10-09 13:59:27.658726,2025-06-24 19:00:00,2025-06-24,1
13169591957167061783,2025-10-09 17:00:00,2025-10-09 17:00:00,2025-10-09,89,1,Popular language can individual same.,6,5297,124,2025-10-09 13:59:27.452842,2025-10-09 13:59:27.452852,2024-09-24 03:00:00,2024-09-24,1
4438353982001989164,2025-10-09 17:00:00,2025-10-09 17:00:00,2025-10-09,94,2,Newspaper debate indicate board.,41,5302,129,2025-10-09 13:59:27.515705,2025-10-09 13:59:27.515715,2023-04-05 14:00:00,2023-04-05,1
17509824150383642299,2025-10-09 17:00:00,2025-10-09 17:00:00,2025-10-09,108,3,Laugh response soldier keep.,55,5316,122,2025-10-09 13:59:27.6992,2025-10-09 13:59:27.699213,2024-06-16 19:00:00,2024-06-16,1
4944214815221006964,2025-10-09 17:00:00,2025-10-09 17:00:00,2025-10-09,127,4,Sort provide statement school ahead.,48,5335,120,2025-10-09 13:59:27.960945,2025-10-09 13:59:27.96096,2024-07-06 19:00:00,2024-07-06,1
13437316878314780930,2025-10-09 17:00:00,2025-10-09 17:00:00,2025-10-09,131,5,World kitchen dream month soon ask base over.,52,5339,124,2025-10-09 13:59:28.022616,2025-10-09 13:59:28.022627,2025-12-05 19:00:00,2025-12-05,1
11392873392193209398,2025-10-09 17:00:00,2025-10-09 17:00:00,2025-10-09,59,5,Appear buy really picture might sometimes.,2,5267,115,2025-10-09 13:59:27.036234,2025-10-09 13:59:27.036244,2025-09-14 04:00:00,2025-09-14,1
4027498723010141647,2025-10-09 17:00:00,2025-10-09 17:00:00,2025-10-09,81,4,Effort effort interview.,54,5289,116,2025-10-09 13:59:27.327046,2025-10-09 13:59:27.327056,2025-06-05 07:00:00,2025-06-05,1
15197127582202278266,2025-10-09 17:00:00,2025-10-09 17:00:00,2025-10-09,102,1,Close dinner same structure.,49,5310,116,2025-10-09 13:59:27.617789,2025-10-09 13:59:27.617799,2025-06-25 09:00:00,2025-06-25,1
14899586895670347268,2025-10-09 17:00:00,2025-10-09 17:00:00,2025-10-09,117,4,Rule human produce each international travel although.,38,5325,131,2025-10-09 13:59:27.82063,2025-10-09 13:59:27.820641,2024-07-12 06:00:00,2024-07-12,1
10697708606224425129,2025-10-09 17:00:00,2025-10-09 17:00:00,2025-10-09,118,3,Lose experience dream mother.,39,5326,132,2025-10-09 13:59:27.833609,2025-10-09 13:59:27.833619,2023-12-13 14:00:00,2023-12-13,1
1494591809990702126,2025-10-09 17:00:00,2025-10-09 17:00:00,2025-10-09,128,5,Security most food people education government parent foot.,49,5336,121,2025-10-09 13:59:27.976984,2025-10-09 13:59:27.976998,2024-05-22 13:00:00,2024-05-22,1
16714755696359260572,2025-10-09 17:00:00,2025-10-09 17:00:00,2025-10-09,134,4,Control mean thousand father pressure.,55,5342,127,2025-10-09 13:59:28.064634,2025-10-09 13:59:28.064645,2024-12-03 13:00:00,2024-12-03,1
5652787165640041840,2025-10-09 17:00:00,2025-10-09 17:00:00,2025-10-09,136,5,Cultural stand senior happen.,1,5344,129,2025-10-09 13:59:28.092309,2025-10-09 13:59:28.09232,2024-12-13 02:00:00,2024-12-13,1
10547242240263315584,2025-10-09 17:00:00,2025-10-09 17:00:00,2025-10-09,7,4,Great!!,1,3,1,2025-09-25 08:19:46.919623,2025-09-25 08:19:46.957641,2025-01-01 10:10:10,2025-01-01,1
4790832241103747182,2025-10-09 17:00:00,2025-10-09 17:00:00,2025-10-09,78,4,Name probably blood just article good return.,51,5286,134,2025-10-09 13:59:27.287579,2025-10-09 13:59:27.287589,2024-10-26 03:00:00,2024-10-26,1
11502381215544579741,2025-10-09 17:00:00,2025-10-09 17:00:00,2025-10-09,88,3,Boy whatever ago.,5,5296,123,2025-10-09 13:59:27.439779,2025-10-09 13:59:27.43979,2025-06-23 21:00:00,2025-06-23,1
15551826676420486337,2025-10-09 17:00:00,2025-10-09 17:00:00,2025-10-09,93,1,Difference capital network who.,40,5301,128,2025-10-09 13:59:27.503205,2025-10-09 13:59:27.503215,2024-11-10 13:00:00,2024-11-10,1
14987603134852367563,2025-10-09 17:00:00,2025-10-09 17:00:00,2025-10-09,119,5,They yourself play here.,40,5327,133,2025-10-09 13:59:27.846084,2025-10-09 13:59:27.846094,2024-06-29 02:00:00,2024-06-29,1
4092627362247947063,2025-10-09 17:00:00,2025-10-09 17:00:00,2025-10-09,121,1,Occur must especially.,42,5329,1,2025-10-09 13:59:27.87124,2025-10-09 13:59:27.87125,2025-11-06 21:00:00,2025-11-06,1
7821945422684486811,2025-10-09 17:00:00,2025-10-09 17:00:00,2025-10-09,137,4,Since energy part daughter field story available.,2,5345,130,2025-10-09 13:59:28.105223,2025-10-09 13:59:28.105234,2025-01-31 19:00:00,2025-01-31,1
4437745230427337073,2025-10-09 17:00:00,2025-10-09 17:00:00,2025-10-09,69,3,Book few first hard many even.,42,5277,125,2025-10-09 13:59:27.169532,2025-10-09 13:59:27.169542,2025-01-31 02:00:00,2025-01-31,1
16200157101405407531,2025-10-09 17:00:00,2025-10-09 17:00:00,2025-10-09,74,2,Must same player at culture truth wall use.,47,5282,130,2025-10-09 13:59:27.234525,2025-10-09 13:59:27.234535,2025-03-04 01:00:00,2025-03-04,1
463838377249708863,2025-10-09 17:00:00,2025-10-09 17:00:00,2025-10-09,76,2,Require here left far same country increase.,49,5284,132,2025-10-09 13:59:27.261825,2025-10-09 13:59:27.261835,2025-06-26 09:00:00,2025-06-26,1
17542002351299762934,2025-10-09 17:00:00,2025-10-09 17:00:00,2025-10-09,77,5,Production car know place.,50,5285,133,2025-10-09 13:59:27.275029,2025-10-09 13:59:27.275039,2024-06-28 10:00:00,2024-06-28,1
16242058984753210184,2025-10-09 17:00:00,2025-10-09 17:00:00,2025-10-09,100,2,Sound easy my order view avoid.,47,5308,1,2025-10-09 13:59:27.591279,2025-10-09 13:59:27.591289,2025-06-14 03:00:00,2025-06-14,1
11486526307490536027,2025-10-09 17:00:00,2025-10-09 17:00:00,2025-10-09,124,5,Push maybe family show.,45,5332,117,2025-10-09 13:59:27.909444,2025-10-09 13:59:27.909454,2024-10-19 15:00:00,2024-10-19,1
14925156701148588850,2025-10-09 17:00:00,2025-10-09 17:00:00,2025-10-09,64,2,Painting employee crime land design attention here mission.,37,5272,120,2025-10-09 13:59:27.104038,2025-10-09 13:59:27.104048,2025-02-03 03:00:00,2025-02-03,1
4397807202009812656,2025-10-09 17:00:00,2025-10-09 17:00:00,2025-10-09,82,4,Professor body sell.,55,5290,117,2025-10-09 13:59:27.339581,2025-10-09 13:59:27.339591,2025-08-15 20:00:00,2025-08-15,1
17521829329588249480,2025-10-09 17:00:00,2025-10-09 17:00:00,2025-10-09,92,4,Instead interesting prepare campaign case.,39,5300,127,2025-10-09 13:59:27.490535,2025-10-09 13:59:27.490545,2025-07-25 15:00:00,2025-07-25,1
8001866074288105301,2025-10-09 17:00:00,2025-10-09 17:00:00,2025-10-09,109,3,Machine other require theory decade road.,56,5317,123,2025-10-09 13:59:27.713346,2025-10-09 13:59:27.713358,2024-07-20 18:00:00,2024-07-20,1
11620132116321914670,2025-10-09 17:00:00,2025-10-09 17:00:00,2025-10-09,110,1,Agreement their get two special society.,1,5318,124,2025-10-09 13:59:27.726586,2025-10-09 13:59:27.726598,2024-08-04 18:00:00,2024-08-04,1
14086946546163948248,2025-10-09 17:00:00,2025-10-09 17:00:00,2025-10-09,129,3,Commercial two measure will challenge fill lead.,50,5337,122,2025-10-09 13:59:27.993182,2025-10-09 13:59:27.993195,2024-07-04 00:00:00,2024-07-04,1
5757978959913829719,2025-10-09 17:00:00,2025-10-09 17:00:00,2025-10-09,135,3,College buy senior.,56,5343,128,2025-10-09 13:59:28.078227,2025-10-09 13:59:28.078237,2023-10-29 22:00:00,2023-10-29,1
3404747694243536464,2025-10-09 17:00:00,2025-10-09 17:00:00,2025-10-09,146,3,Foreign edge our TV day hair nothing.,41,5354,118,2025-10-09 13:59:28.224399,2025-10-09 13:59:28.224409,2025-03-09 09:00:00,2025-03-09,1
11184492866175366689,2025-10-09 17:00:00,2025-10-09 17:00:00,2025-10-09,148,4,Scene deal eye program full north.,43,5356,120,2025-10-09 13:59:28.249072,2025-10-09 13:59:28.249082,2024-05-25 11:00:00,2024-05-25,1
13684970328250887570,2025-10-09 17:00:00,2025-10-09 17:00:00,2025-10-09,72,5,Center value college here can man bill.,45,5280,128,2025-10-09 13:59:27.209691,2025-10-09 13:59:27.209701,2025-06-16 18:00:00,2025-06-16,1
8276129773904037207,2025-10-09 17:00:00,2025-10-09 17:00:00,2025-10-09,98,5,Western them phone require.,45,5306,133,2025-10-09 13:59:27.565225,2025-10-09 13:59:27.565235,2025-07-20 02:00:00,2025-07-20,1
17474196256963249694,2025-10-09 17:00:00,2025-10-09 17:00:00,2025-10-09,125,3,Record how within actually within officer sea indicate.,46,5333,118,2025-10-09 13:59:27.926322,2025-10-09 13:59:27.926339,2024-04-06 02:00:00,2024-04-06,1
17291173882377634253,2025-10-09 17:00:00,2025-10-09 17:00:00,2025-10-09,141,5,Spring someone beat economic field.,6,5349,134,2025-10-09 13:59:28.157847,2025-10-09 13:59:28.157858,2025-06-13 07:00:00,2025-06-13,1
13426019084579127115,2025-10-09 17:00:00,2025-10-09 17:00:00,2025-10-09,144,5,Middle live field like ball.,39,5352,116,2025-10-09 13:59:28.198277,2025-10-09 13:59:28.198287,2024-02-17 06:00:00,2024-02-17,1
4776556929285339101,2025-10-09 17:00:00,2025-10-09 17:00:00,2025-10-09,155,1,Debate maybe off tend region.,50,5363,127,2025-10-09 13:59:28.34083,2025-10-09 13:59:28.34084,2023-06-12 21:00:00,2023-06-12,1
3900688282824828226,2025-10-09 17:00:00,2025-10-09 17:00:00,2025-10-09,95,4,Month move purpose involve charge.,42,5303,130,2025-10-09 13:59:27.527791,2025-10-09 13:59:27.527801,2024-01-28 22:00:00,2024-01-28,1
11047603672098875424,2025-10-09 17:00:00,2025-10-09 17:00:00,2025-10-09,113,4,Until describe past particular tell point draw.,4,5321,127,2025-10-09 13:59:27.76677,2025-10-09 13:59:27.766785,2024-03-22 07:00:00,2024-03-22,1
16390380001694299599,2025-10-09 17:00:00,2025-10-09 17:00:00,2025-10-09,123,2,Special administration southern everyone there practice.,44,5331,116,2025-10-09 13:59:27.896666,2025-10-09 13:59:27.896676,2023-12-25 08:00:00,2023-12-25,1
7756221157106576898,2025-10-09 17:00:00,2025-10-09 17:00:00,2025-10-09,138,3,Evening between education drop paper fast.,3,5346,131,2025-10-09 13:59:28.118064,2025-10-09 13:59:28.118074,2024-06-03 23:00:00,2024-06-03,1
7852321115591230040,2025-10-09 17:00:00,2025-10-09 17:00:00,2025-10-09,142,2,Single become stuff budget food finish.,37,5350,1,2025-10-09 13:59:28.171294,2025-10-09 13:59:28.171304,2024-11-24 00:00:00,2024-11-24,1
17219195246230262168,2025-10-09 17:00:00,2025-10-09 17:00:00,2025-10-09,149,4,Role dream realize short defense her yard.,44,5357,121,2025-10-09 13:59:28.261837,2025-10-09 13:59:28.261847,2025-07-03 22:00:00,2025-07-03,1
13837209244658943815,2025-10-09 17:00:00,2025-10-09 17:00:00,2025-10-09,58,1,Simple attack sister face economy.,1,5266,1,2025-10-09 13:59:27.023412,2025-10-09 13:59:27.023422,2025-11-06 19:00:00,2025-11-06,1
9743899938668729713,2025-10-09 17:00:00,2025-10-09 17:00:00,2025-10-09,63,3,Recently serve wind early west.,6,5271,119,2025-10-09 13:59:27.091734,2025-10-09 13:59:27.091745,2025-05-06 00:00:00,2025-05-06,1
11343198847475324572,2025-10-09 17:00:00,2025-10-09 17:00:00,2025-10-09,75,4,Any new add end.,48,5283,131,2025-10-09 13:59:27.249374,2025-10-09 13:59:27.249385,2025-04-11 19:00:00,2025-04-11,1
12878829943803507168,2025-10-09 17:00:00,2025-10-09 17:00:00,2025-10-09,80,5,Try article probably allow ahead.,53,5288,115,2025-10-09 13:59:27.314846,2025-10-09 13:59:27.314857,2025-09-16 20:00:00,2025-09-16,1
14415360518581331568,2025-10-09 17:00:00,2025-10-09 17:00:00,2025-10-09,112,2,Account final hotel practice help concern.,3,5320,126,2025-10-09 13:59:27.753101,2025-10-09 13:59:27.753111,2025-06-20 07:00:00,2025-06-20,1
6857991007911035568,2025-10-09 17:00:00,2025-10-09 17:00:00,2025-10-09,122,1,Into high beat ground book western.,43,5330,115,2025-10-09 13:59:27.88351,2025-10-09 13:59:27.883519,2025-11-29 09:00:00,2025-11-29,1
165644208687403334,2025-10-09 17:00:00,2025-10-09 17:00:00,2025-10-09,133,5,Ball source lead list central animal.,54,5341,126,2025-10-09 13:59:28.05127,2025-10-09 13:59:28.05128,2024-01-29 19:00:00,2024-01-29,1
3325549817564763061,2025-10-09 17:00:00,2025-10-09 17:00:00,2025-10-09,147,5,Offer measure also kitchen course light energy million.,42,5355,119,2025-10-09 13:59:28.236603,2025-10-09 13:59:28.236613,2023-04-22 19:00:00,2023-04-22,1
15584315507362147422,2025-10-09 17:00:00,2025-10-09 17:00:00,2025-10-09,71,3,Majority admit station thank matter method.,44,5279,127,2025-10-09 13:59:27.19668,2025-10-09 13:59:27.196691,2023-11-10 05:00:00,2023-11-10,1
3214814490737562643,2025-10-09 17:00:00,2025-10-09 17:00:00,2025-10-09,111,5,Wonder economy growth detail author so western.,2,5319,125,2025-10-09 13:59:27.739734,2025-10-09 13:59:27.739745,2024-05-28 15:00:00,2024-05-28,1
4161879977460272606,2025-10-09 17:00:00,2025-10-09 17:00:00,2025-10-09,114,2,Since purpose plant project.,5,5322,128,2025-10-09 13:59:27.779829,2025-10-09 13:59:27.779838,2024-05-01 06:00:00,2024-05-01,1
17039414830672289484,2025-10-09 17:00:00,2025-10-09 17:00:00,2025-10-09,61,5,Determine nation professor east.,4,5269,117,2025-10-09 13:59:27.061882,2025-10-09 13:59:27.061896,2025-03-21 03:00:00,2025-03-21,1
13567553600763763355,2025-10-09 17:00:00,2025-10-09 17:00:00,2025-10-09,66,2,Lot take stuff represent consumer along especially.,39,5274,122,2025-10-09 13:59:27.129902,2025-10-09 13:59:27.129914,2024-12-12 02:00:00,2024-12-12,1
8092520799350468105,2025-10-09 17:00:00,2025-10-09 17:00:00,2025-10-09,90,3,Human project beautiful page.,37,5298,125,2025-10-09 13:59:27.465126,2025-10-09 13:59:27.465136,2025-09-25 22:00:00,2025-09-25,1
4123474107141452691,2025-10-09 17:00:00,2025-10-09 17:00:00,2025-10-09,126,3,Provide away black culture anything.,47,5334,119,2025-10-09 13:59:27.944789,2025-10-09 13:59:27.944803,2024-06-22 09:00:00,2024-06-22,1
16105265383179126082,2025-10-09 17:00:00,2025-10-09 17:00:00,2025-10-09,145,4,Project here detail eat within point.,40,5353,117,2025-10-09 13:59:28.211289,2025-10-09 13:59:28.2113,2025-11-13 04:00:00,2025-11-13,1
14534272181949729550,2025-10-09 17:00:00,2025-10-09 17:00:00,2025-10-09,153,1,Here rest pick bill what try.,48,5361,125,2025-10-09 13:59:28.313737,2025-10-09 13:59:28.31375,2025-11-27 07:00:00,2025-11-27,1
1297490430351128998,2025-10-09 17:00:00,2025-10-09 17:00:00,2025-10-09,154,2,Hour avoid determine.,49,5362,126,2025-10-09 13:59:28.328145,2025-10-09 13:59:28.328157,2024-01-31 16:00:00,2024-01-31,1
18224254816234221663,2025-10-09 17:00:00,2025-10-09 17:00:00,2025-10-09,84,1,Yourself else cut.,1,5292,119,2025-10-09 13:59:27.364398,2025-10-09 13:59:27.364408,2025-06-18 19:00:00,2025-06-18,1
7459625834345143312,2025-10-09 17:00:00,2025-10-09 17:00:00,2025-10-09,106,4,Data leave painting also management.,53,5314,120,2025-10-09 13:59:27.672054,2025-10-09 13:59:27.672066,2024-03-01 17:00:00,2024-03-01,1
13171175345233531126,2025-10-09 17:00:00,2025-10-09 17:00:00,2025-10-09,132,3,Occur show machine best recently tough play.,53,5340,125,2025-10-09 13:59:28.037207,2025-10-09 13:59:28.037219,2025-12-04 13:00:00,2025-12-04,1
17075510142703625544,2025-10-09 17:00:00,2025-10-09 17:00:00,2025-10-09,151,4,Bag interview leader forward.,46,5359,123,2025-10-09 13:59:28.287685,2025-10-09 13:59:28.287695,2025-08-24 12:00:00,2025-08-24,1
9389717781936612763,2025-10-09 17:00:00,2025-10-09 17:00:00,2025-10-09,65,2,Music summer official computer lawyer computer.,38,5273,121,2025-10-09 13:59:27.117298,2025-10-09 13:59:27.117309,2023-10-19 21:00:00,2023-10-19,1
13948609273656830099,2025-10-09 17:00:00,2025-10-09 17:00:00,2025-10-09,86,2,More hand image sea reason.,3,5294,121,2025-10-09 13:59:27.414787,2025-10-09 13:59:27.4148,2023-07-23 14:00:00,2023-07-23,1
4443489396955933208,2025-10-09 17:00:00,2025-10-09 17:00:00,2025-10-09,91,2,Court still technology.,38,5299,126,2025-10-09 13:59:27.477789,2025-10-09 13:59:27.477798,2024-12-14 02:00:00,2024-12-14,1
119107914525268113,2025-10-09 17:00:00,2025-10-09 17:00:00,2025-10-09,96,3,Tv tough sport.,43,5304,131,2025-10-09 13:59:27.540375,2025-10-09 13:59:27.540385,2024-02-27 17:00:00,2024-02-27,1
324253488622730398,2025-10-09 17:00:00,2025-10-09 17:00:00,2025-10-09,97,1,Just news smile conference.,44,5305,132,2025-10-09 13:59:27.552774,2025-10-09 13:59:27.552784,2024-11-17 08:00:00,2024-11-17,1
425771533084621723,2025-10-09 17:00:00,2025-10-09 17:00:00,2025-10-09,107,4,Yeah anything traditional address big best.,54,5315,121,2025-10-09 13:59:27.685344,2025-10-09 13:59:27.685355,2025-08-02 11:00:00,2025-08-02,1
16084778528682518732,2025-10-09 17:00:00,2025-10-09 17:00:00,2025-10-09,143,2,Fact relationship hit whose wife politics.,38,5351,115,2025-10-09 13:59:28.184614,2025-10-09 13:59:28.184625,2023-12-14 23:00:00,2023-12-14,1
16361716138730773933,2025-10-09 17:00:00,2025-10-09 17:00:00,2025-10-09,150,1,Threat someone sure nothing available kid body.,45,5358,122,2025-10-09 13:59:28.275037,2025-10-09 13:59:28.275047,2025-02-01 19:00:00,2025-02-01,1
392706939827384350,2025-10-09 17:00:00,2025-10-09 17:00:00,2025-10-09,152,4,Certain spend station huge lay range.,47,5360,124,2025-10-09 13:59:28.300074,2025-10-09 13:59:28.300084,2023-05-05 07:00:00,2023-05-05,1
11751158655937553510,2025-10-09 17:00:00,2025-10-09 17:00:00,2025-10-09,156,4,Feeling point new culture cell.,51,5364,128,2025-10-09 13:59:28.353585,2025-10-09 13:59:28.353595,2023-11-06 09:00:00,2023-11-06,1
17154381025279316227,2025-10-09 17:00:00,2025-10-09 17:00:00,2025-10-09,67,3,Let guy will.,40,5275,123,2025-10-09 13:59:27.142819,2025-10-09 13:59:27.14283,2024-10-20 11:00:00,2024-10-20,1
11613430446419476589,2025-10-09 17:00:00,2025-10-09 17:00:00,2025-10-09,79,3,Your drop those then other decade.,52,5287,1,2025-10-09 13:59:27.300034,2025-10-09 13:59:27.300045,2025-07-02 08:00:00,2025-07-02,1
141557532193625216,2025-10-09 17:00:00,2025-10-09 17:00:00,2025-10-09,87,4,Religious record computer.,4,5295,122,2025-10-09 13:59:27.427132,2025-10-09 13:59:27.427143,2024-08-22 15:00:00,2024-08-22,1
